ISO-10303-21;
HEADER;
FILE_DESCRIPTION(('FreeCAD Model'),'2;1');
FILE_NAME('Open CASCADE Shape Model','2026-09-10T15:27:54',('FreeCAD'),(
    'FreeCAD'),'Open CASCADE STEP processor 7.8','FreeCAD','Unknown');
FILE_SCHEMA(('AUTOMOTIVE_DESIGN { 1 0 10303 214 1 1 1 1 }'));
ENDSEC;
DATA;
#1 = APPLICATION_PROTOCOL_DEFINITION('international standard',
  'automotive_design',2000,#2);
#2 = APPLICATION_CONTEXT(
  'core data for automotive mechanical design processes');
#3 = SHAPE_DEFINITION_REPRESENTATION(#4,#10);
#4 = PRODUCT_DEFINITION_SHAPE('','',#5);
#5 = PRODUCT_DEFINITION('design','',#6,#9);
#6 = PRODUCT_DEFINITION_FORMATION('','',#7);
#7 = PRODUCT('Open CASCADE STEP translator 7.8 4',
  'Open CASCADE STEP translator 7.8 4','',(#8));
#8 = PRODUCT_CONTEXT('',#2,'mechanical');
#9 = PRODUCT_DEFINITION_CONTEXT('part definition',#2,'design');
#10 = SHAPE_REPRESENTATION('',(#11,#15,#2351,#4827),#6439);
#11 = AXIS2_PLACEMENT_3D('',#12,#13,#14);
#12 = CARTESIAN_POINT('',(0.,0.,0.));
#13 = DIRECTION('',(0.,0.,1.));
#14 = DIRECTION('',(1.,0.,-0.));
#15 = MANIFOLD_SOLID_BREP('',#16);
#16 = CLOSED_SHELL('',(#17,#91,#122,#153,#225,#249,#280,#304,#328,#345,
    #369,#425,#547,#564,#605,#664,#688,#712,#736,#769,#815,#832,#863,
    #919,#959,#976,#993,#1010,#1034,#1051,#1076,#1101,#1126,#1151,#1176,
    #1201,#1218,#1244,#1277,#1324,#1341,#1369,#1534,#1546,#1563,#1575,
    #1595,#1615,#1635,#1655,#1667,#1692,#1717,#1742,#1773,#1797,#1821,
    #1845,#1869,#1893,#1917,#1941,#1965,#1989,#2013,#2030,#2055,#2080,
    #2105,#2130,#2155,#2167,#2179,#2191,#2208,#2225,#2242,#2259,#2271,
    #2288,#2305,#2322,#2339));
#17 = ADVANCED_FACE('',(#18,#52),#86,.F.);
#18 = FACE_BOUND('',#19,.F.);
#19 = EDGE_LOOP('',(#20,#30,#38,#46));
#20 = ORIENTED_EDGE('',*,*,#21,.F.);
#21 = EDGE_CURVE('',#22,#24,#26,.T.);
#22 = VERTEX_POINT('',#23);
#23 = CARTESIAN_POINT('',(-3.,-1.8,-5.4));
#24 = VERTEX_POINT('',#25);
#25 = CARTESIAN_POINT('',(-3.,-1.8,2.6));
#26 = LINE('',#27,#28);
#27 = CARTESIAN_POINT('',(-3.,-1.8,-6.2));
#28 = VECTOR('',#29,1.);
#29 = DIRECTION('',(0.,0.,1.));
#30 = ORIENTED_EDGE('',*,*,#31,.T.);
#31 = EDGE_CURVE('',#22,#32,#34,.T.);
#32 = VERTEX_POINT('',#33);
#33 = CARTESIAN_POINT('',(-3.,55.8,-5.4));
#34 = LINE('',#35,#36);
#35 = CARTESIAN_POINT('',(-3.,-1.8,-5.4));
#36 = VECTOR('',#37,1.);
#37 = DIRECTION('',(0.,1.,0.));
#38 = ORIENTED_EDGE('',*,*,#39,.T.);
#39 = EDGE_CURVE('',#32,#40,#42,.T.);
#40 = VERTEX_POINT('',#41);
#41 = CARTESIAN_POINT('',(-3.,55.8,2.6));
#42 = LINE('',#43,#44);
#43 = CARTESIAN_POINT('',(-3.,55.8,-6.2));
#44 = VECTOR('',#45,1.);
#45 = DIRECTION('',(0.,0.,1.));
#46 = ORIENTED_EDGE('',*,*,#47,.F.);
#47 = EDGE_CURVE('',#24,#40,#48,.T.);
#48 = LINE('',#49,#50);
#49 = CARTESIAN_POINT('',(-3.,-3.,2.6));
#50 = VECTOR('',#51,1.);
#51 = DIRECTION('',(0.,1.,0.));
#52 = FACE_BOUND('',#53,.F.);
#53 = EDGE_LOOP('',(#54,#64,#72,#80));
#54 = ORIENTED_EDGE('',*,*,#55,.T.);
#55 = EDGE_CURVE('',#56,#58,#60,.T.);
#56 = VERTEX_POINT('',#57);
#57 = CARTESIAN_POINT('',(-3.,31.,-2.1));
#58 = VERTEX_POINT('',#59);
#59 = CARTESIAN_POINT('',(-3.,17.,-2.1));
#60 = LINE('',#61,#62);
#61 = CARTESIAN_POINT('',(-3.,7.,-2.1));
#62 = VECTOR('',#63,1.);
#63 = DIRECTION('',(0.,-1.,0.));
#64 = ORIENTED_EDGE('',*,*,#65,.T.);
#65 = EDGE_CURVE('',#58,#66,#68,.T.);
#66 = VERTEX_POINT('',#67);
#67 = CARTESIAN_POINT('',(-3.,17.,0.15));
#68 = LINE('',#69,#70);
#69 = CARTESIAN_POINT('',(-3.,17.,-4.15));
#70 = VECTOR('',#71,1.);
#71 = DIRECTION('',(0.,0.,1.));
#72 = ORIENTED_EDGE('',*,*,#73,.F.);
#73 = EDGE_CURVE('',#74,#66,#76,.T.);
#74 = VERTEX_POINT('',#75);
#75 = CARTESIAN_POINT('',(-3.,31.,0.15));
#76 = LINE('',#77,#78);
#77 = CARTESIAN_POINT('',(-3.,7.,0.15));
#78 = VECTOR('',#79,1.);
#79 = DIRECTION('',(0.,-1.,0.));
#80 = ORIENTED_EDGE('',*,*,#81,.F.);
#81 = EDGE_CURVE('',#56,#74,#82,.T.);
#82 = LINE('',#83,#84);
#83 = CARTESIAN_POINT('',(-3.,31.,-4.15));
#84 = VECTOR('',#85,1.);
#85 = DIRECTION('',(0.,0.,1.));
#86 = PLANE('',#87);
#87 = AXIS2_PLACEMENT_3D('',#88,#89,#90);
#88 = CARTESIAN_POINT('',(-3.,-3.,-6.2));
#89 = DIRECTION('',(1.,0.,0.));
#90 = DIRECTION('',(0.,0.,1.));
#91 = ADVANCED_FACE('',(#92),#117,.T.);
#92 = FACE_BOUND('',#93,.F.);
#93 = EDGE_LOOP('',(#94,#95,#103,#111));
#94 = ORIENTED_EDGE('',*,*,#21,.T.);
#95 = ORIENTED_EDGE('',*,*,#96,.T.);
#96 = EDGE_CURVE('',#24,#97,#99,.T.);
#97 = VERTEX_POINT('',#98);
#98 = CARTESIAN_POINT('',(-1.8,-3.,2.6));
#99 = LINE('',#100,#101);
#100 = CARTESIAN_POINT('',(-2.4,-2.4,2.6));
#101 = VECTOR('',#102,1.);
#102 = DIRECTION('',(0.707106781187,-0.707106781187,0.));
#103 = ORIENTED_EDGE('',*,*,#104,.F.);
#104 = EDGE_CURVE('',#105,#97,#107,.T.);
#105 = VERTEX_POINT('',#106);
#106 = CARTESIAN_POINT('',(-1.8,-3.,-5.4));
#107 = LINE('',#108,#109);
#108 = CARTESIAN_POINT('',(-1.8,-3.,-6.2));
#109 = VECTOR('',#110,1.);
#110 = DIRECTION('',(0.,0.,1.));
#111 = ORIENTED_EDGE('',*,*,#112,.F.);
#112 = EDGE_CURVE('',#22,#105,#113,.T.);
#113 = LINE('',#114,#115);
#114 = CARTESIAN_POINT('',(-3.,-1.8,-5.4));
#115 = VECTOR('',#116,1.);
#116 = DIRECTION('',(0.707106781187,-0.707106781187,0.));
#117 = PLANE('',#118);
#118 = AXIS2_PLACEMENT_3D('',#119,#120,#121);
#119 = CARTESIAN_POINT('',(-2.4,-2.4,-6.2));
#120 = DIRECTION('',(-0.707106781187,-0.707106781187,0.));
#121 = DIRECTION('',(-0.,-0.,-1.));
#122 = ADVANCED_FACE('',(#123),#148,.T.);
#123 = FACE_BOUND('',#124,.T.);
#124 = EDGE_LOOP('',(#125,#133,#134,#142));
#125 = ORIENTED_EDGE('',*,*,#126,.F.);
#126 = EDGE_CURVE('',#22,#127,#129,.T.);
#127 = VERTEX_POINT('',#128);
#128 = CARTESIAN_POINT('',(-2.2,-1.468629150102,-6.2));
#129 = LINE('',#130,#131);
#130 = CARTESIAN_POINT('',(-2.631603429424,-1.647405144136,
    -5.768396570576));
#131 = VECTOR('',#132,1.);
#132 = DIRECTION('',(0.678598344546,0.281084637715,-0.678598344546));
#133 = ORIENTED_EDGE('',*,*,#31,.T.);
#134 = ORIENTED_EDGE('',*,*,#135,.T.);
#135 = EDGE_CURVE('',#32,#136,#138,.T.);
#136 = VERTEX_POINT('',#137);
#137 = CARTESIAN_POINT('',(-2.2,55.468629150102,-6.2));
#138 = LINE('',#139,#140);
#139 = CARTESIAN_POINT('',(2.861811381696,53.371958225629,
    -11.26181138169));
#140 = VECTOR('',#141,1.);
#141 = DIRECTION('',(0.678598344546,-0.281084637715,-0.678598344546));
#142 = ORIENTED_EDGE('',*,*,#143,.F.);
#143 = EDGE_CURVE('',#127,#136,#144,.T.);
#144 = LINE('',#145,#146);
#145 = CARTESIAN_POINT('',(-2.2,-1.8,-6.2));
#146 = VECTOR('',#147,1.);
#147 = DIRECTION('',(0.,1.,0.));
#148 = PLANE('',#149);
#149 = AXIS2_PLACEMENT_3D('',#150,#151,#152);
#150 = CARTESIAN_POINT('',(-2.6,-1.8,-5.8));
#151 = DIRECTION('',(-0.707106781187,0.,-0.707106781187));
#152 = DIRECTION('',(0.,1.,0.));
#153 = ADVANCED_FACE('',(#154),#220,.T.);
#154 = FACE_BOUND('',#155,.T.);
#155 = EDGE_LOOP('',(#156,#157,#158,#166,#174,#182,#190,#198,#206,#214)
  );
#156 = ORIENTED_EDGE('',*,*,#47,.F.);
#157 = ORIENTED_EDGE('',*,*,#96,.T.);
#158 = ORIENTED_EDGE('',*,*,#159,.T.);
#159 = EDGE_CURVE('',#97,#160,#162,.T.);
#160 = VERTEX_POINT('',#161);
#161 = CARTESIAN_POINT('',(54.6,-3.,2.6));
#162 = LINE('',#163,#164);
#163 = CARTESIAN_POINT('',(-3.,-3.,2.6));
#164 = VECTOR('',#165,1.);
#165 = DIRECTION('',(1.,0.,0.));
#166 = ORIENTED_EDGE('',*,*,#167,.T.);
#167 = EDGE_CURVE('',#160,#168,#170,.T.);
#168 = VERTEX_POINT('',#169);
#169 = CARTESIAN_POINT('',(54.6,-1.25,2.6));
#170 = LINE('',#171,#172);
#171 = CARTESIAN_POINT('',(54.6,-3.5,2.6));
#172 = VECTOR('',#173,1.);
#173 = DIRECTION('',(0.,1.,0.));
#174 = ORIENTED_EDGE('',*,*,#175,.T.);
#175 = EDGE_CURVE('',#168,#176,#178,.T.);
#176 = VERTEX_POINT('',#177);
#177 = CARTESIAN_POINT('',(-1.25,-1.25,2.6));
#178 = LINE('',#179,#180);
#179 = CARTESIAN_POINT('',(-2.125,-1.25,2.6));
#180 = VECTOR('',#181,1.);
#181 = DIRECTION('',(-1.,0.,0.));
#182 = ORIENTED_EDGE('',*,*,#183,.T.);
#183 = EDGE_CURVE('',#176,#184,#186,.T.);
#184 = VERTEX_POINT('',#185);
#185 = CARTESIAN_POINT('',(-1.25,55.25,2.6));
#186 = LINE('',#187,#188);
#187 = CARTESIAN_POINT('',(-1.25,-2.125,2.6));
#188 = VECTOR('',#189,1.);
#189 = DIRECTION('',(0.,1.,0.));
#190 = ORIENTED_EDGE('',*,*,#191,.F.);
#191 = EDGE_CURVE('',#192,#184,#194,.T.);
#192 = VERTEX_POINT('',#193);
#193 = CARTESIAN_POINT('',(9.513979891803,55.25,2.6));
#194 = LINE('',#195,#196);
#195 = CARTESIAN_POINT('',(-2.125,55.25,2.6));
#196 = VECTOR('',#197,1.);
#197 = DIRECTION('',(-1.,0.,0.));
#198 = ORIENTED_EDGE('',*,*,#199,.T.);
#199 = EDGE_CURVE('',#192,#200,#202,.T.);
#200 = VERTEX_POINT('',#201);
#201 = CARTESIAN_POINT('',(9.513979891803,57.,2.6));
#202 = LINE('',#203,#204);
#203 = CARTESIAN_POINT('',(9.513979891803,54.,2.6));
#204 = VECTOR('',#205,1.);
#205 = DIRECTION('',(0.,1.,0.));
#206 = ORIENTED_EDGE('',*,*,#207,.F.);
#207 = EDGE_CURVE('',#208,#200,#210,.T.);
#208 = VERTEX_POINT('',#209);
#209 = CARTESIAN_POINT('',(-1.8,57.,2.6));
#210 = LINE('',#211,#212);
#211 = CARTESIAN_POINT('',(-3.,57.,2.6));
#212 = VECTOR('',#213,1.);
#213 = DIRECTION('',(1.,0.,0.));
#214 = ORIENTED_EDGE('',*,*,#215,.F.);
#215 = EDGE_CURVE('',#40,#208,#216,.T.);
#216 = LINE('',#217,#218);
#217 = CARTESIAN_POINT('',(-17.4,41.4,2.6));
#218 = VECTOR('',#219,1.);
#219 = DIRECTION('',(0.707106781187,0.707106781187,0.));
#220 = PLANE('',#221);
#221 = AXIS2_PLACEMENT_3D('',#222,#223,#224);
#222 = CARTESIAN_POINT('',(-3.,-3.,2.6));
#223 = DIRECTION('',(0.,0.,1.));
#224 = DIRECTION('',(1.,0.,0.));
#225 = ADVANCED_FACE('',(#226),#244,.F.);
#226 = FACE_BOUND('',#227,.T.);
#227 = EDGE_LOOP('',(#228,#229,#230,#238));
#228 = ORIENTED_EDGE('',*,*,#39,.T.);
#229 = ORIENTED_EDGE('',*,*,#215,.T.);
#230 = ORIENTED_EDGE('',*,*,#231,.F.);
#231 = EDGE_CURVE('',#232,#208,#234,.T.);
#232 = VERTEX_POINT('',#233);
#233 = CARTESIAN_POINT('',(-1.8,57.,-5.4));
#234 = LINE('',#235,#236);
#235 = CARTESIAN_POINT('',(-1.8,57.,-6.2));
#236 = VECTOR('',#237,1.);
#237 = DIRECTION('',(0.,0.,1.));
#238 = ORIENTED_EDGE('',*,*,#239,.F.);
#239 = EDGE_CURVE('',#32,#232,#240,.T.);
#240 = LINE('',#241,#242);
#241 = CARTESIAN_POINT('',(-3.,55.8,-5.4));
#242 = VECTOR('',#243,1.);
#243 = DIRECTION('',(0.707106781187,0.707106781187,0.));
#244 = PLANE('',#245);
#245 = AXIS2_PLACEMENT_3D('',#246,#247,#248);
#246 = CARTESIAN_POINT('',(-2.4,56.4,-6.2));
#247 = DIRECTION('',(0.707106781187,-0.707106781187,0.));
#248 = DIRECTION('',(-0.,-0.,-1.));
#249 = ADVANCED_FACE('',(#250),#275,.T.);
#250 = FACE_BOUND('',#251,.T.);
#251 = EDGE_LOOP('',(#252,#260,#261,#269));
#252 = ORIENTED_EDGE('',*,*,#253,.F.);
#253 = EDGE_CURVE('',#56,#254,#256,.T.);
#254 = VERTEX_POINT('',#255);
#255 = CARTESIAN_POINT('',(-1.,31.,-2.1));
#256 = LINE('',#257,#258);
#257 = CARTESIAN_POINT('',(-4.,31.,-2.1));
#258 = VECTOR('',#259,1.);
#259 = DIRECTION('',(1.,0.,0.));
#260 = ORIENTED_EDGE('',*,*,#55,.T.);
#261 = ORIENTED_EDGE('',*,*,#262,.T.);
#262 = EDGE_CURVE('',#58,#263,#265,.T.);
#263 = VERTEX_POINT('',#264);
#264 = CARTESIAN_POINT('',(-1.,17.,-2.1));
#265 = LINE('',#266,#267);
#266 = CARTESIAN_POINT('',(-4.,17.,-2.1));
#267 = VECTOR('',#268,1.);
#268 = DIRECTION('',(1.,0.,0.));
#269 = ORIENTED_EDGE('',*,*,#270,.F.);
#270 = EDGE_CURVE('',#254,#263,#271,.T.);
#271 = LINE('',#272,#273);
#272 = CARTESIAN_POINT('',(-1.,8.,-2.1));
#273 = VECTOR('',#274,1.);
#274 = DIRECTION('',(0.,-1.,0.));
#275 = PLANE('',#276);
#276 = AXIS2_PLACEMENT_3D('',#277,#278,#279);
#277 = CARTESIAN_POINT('',(-4.,17.,-2.1));
#278 = DIRECTION('',(0.,0.,1.));
#279 = DIRECTION('',(1.,0.,0.));
#280 = ADVANCED_FACE('',(#281),#299,.F.);
#281 = FACE_BOUND('',#282,.F.);
#282 = EDGE_LOOP('',(#283,#284,#285,#293));
#283 = ORIENTED_EDGE('',*,*,#253,.F.);
#284 = ORIENTED_EDGE('',*,*,#81,.T.);
#285 = ORIENTED_EDGE('',*,*,#286,.T.);
#286 = EDGE_CURVE('',#74,#287,#289,.T.);
#287 = VERTEX_POINT('',#288);
#288 = CARTESIAN_POINT('',(-1.,31.,0.15));
#289 = LINE('',#290,#291);
#290 = CARTESIAN_POINT('',(-4.,31.,0.15));
#291 = VECTOR('',#292,1.);
#292 = DIRECTION('',(1.,0.,0.));
#293 = ORIENTED_EDGE('',*,*,#294,.F.);
#294 = EDGE_CURVE('',#254,#287,#295,.T.);
#295 = LINE('',#296,#297);
#296 = CARTESIAN_POINT('',(-1.,31.,-3.4));
#297 = VECTOR('',#298,1.);
#298 = DIRECTION('',(0.,0.,1.));
#299 = PLANE('',#300);
#300 = AXIS2_PLACEMENT_3D('',#301,#302,#303);
#301 = CARTESIAN_POINT('',(-4.,31.,-2.1));
#302 = DIRECTION('',(0.,1.,0.));
#303 = DIRECTION('',(0.,0.,1.));
#304 = ADVANCED_FACE('',(#305),#323,.F.);
#305 = FACE_BOUND('',#306,.F.);
#306 = EDGE_LOOP('',(#307,#308,#309,#317));
#307 = ORIENTED_EDGE('',*,*,#286,.F.);
#308 = ORIENTED_EDGE('',*,*,#73,.T.);
#309 = ORIENTED_EDGE('',*,*,#310,.T.);
#310 = EDGE_CURVE('',#66,#311,#313,.T.);
#311 = VERTEX_POINT('',#312);
#312 = CARTESIAN_POINT('',(-1.,17.,0.15));
#313 = LINE('',#314,#315);
#314 = CARTESIAN_POINT('',(-4.,17.,0.15));
#315 = VECTOR('',#316,1.);
#316 = DIRECTION('',(1.,0.,0.));
#317 = ORIENTED_EDGE('',*,*,#318,.F.);
#318 = EDGE_CURVE('',#287,#311,#319,.T.);
#319 = LINE('',#320,#321);
#320 = CARTESIAN_POINT('',(-1.,8.,0.15));
#321 = VECTOR('',#322,1.);
#322 = DIRECTION('',(0.,-1.,0.));
#323 = PLANE('',#324);
#324 = AXIS2_PLACEMENT_3D('',#325,#326,#327);
#325 = CARTESIAN_POINT('',(-4.,17.,0.15));
#326 = DIRECTION('',(0.,0.,1.));
#327 = DIRECTION('',(1.,0.,0.));
#328 = ADVANCED_FACE('',(#329),#340,.T.);
#329 = FACE_BOUND('',#330,.T.);
#330 = EDGE_LOOP('',(#331,#332,#333,#334));
#331 = ORIENTED_EDGE('',*,*,#262,.F.);
#332 = ORIENTED_EDGE('',*,*,#65,.T.);
#333 = ORIENTED_EDGE('',*,*,#310,.T.);
#334 = ORIENTED_EDGE('',*,*,#335,.F.);
#335 = EDGE_CURVE('',#263,#311,#336,.T.);
#336 = LINE('',#337,#338);
#337 = CARTESIAN_POINT('',(-1.,17.,-3.4));
#338 = VECTOR('',#339,1.);
#339 = DIRECTION('',(0.,0.,1.));
#340 = PLANE('',#341);
#341 = AXIS2_PLACEMENT_3D('',#342,#343,#344);
#342 = CARTESIAN_POINT('',(-4.,17.,-2.1));
#343 = DIRECTION('',(0.,1.,0.));
#344 = DIRECTION('',(0.,0.,1.));
#345 = ADVANCED_FACE('',(#346),#364,.T.);
#346 = FACE_BOUND('',#347,.F.);
#347 = EDGE_LOOP('',(#348,#349,#350,#358));
#348 = ORIENTED_EDGE('',*,*,#126,.F.);
#349 = ORIENTED_EDGE('',*,*,#112,.T.);
#350 = ORIENTED_EDGE('',*,*,#351,.T.);
#351 = EDGE_CURVE('',#105,#352,#354,.T.);
#352 = VERTEX_POINT('',#353);
#353 = CARTESIAN_POINT('',(-1.468629150102,-2.2,-6.2));
#354 = LINE('',#355,#356);
#355 = CARTESIAN_POINT('',(-1.580364146373,-2.46975214339,-5.93024785661
    ));
#356 = VECTOR('',#357,1.);
#357 = DIRECTION('',(0.281084637715,0.678598344546,-0.678598344546));
#358 = ORIENTED_EDGE('',*,*,#359,.F.);
#359 = EDGE_CURVE('',#127,#352,#360,.T.);
#360 = LINE('',#361,#362);
#361 = CARTESIAN_POINT('',(-2.434314575051,-1.234314575051,-6.2));
#362 = VECTOR('',#363,1.);
#363 = DIRECTION('',(0.707106781187,-0.707106781187,0.));
#364 = PLANE('',#365);
#365 = AXIS2_PLACEMENT_3D('',#366,#367,#368);
#366 = CARTESIAN_POINT('',(-2.717157287525,-1.517157287525,-5.8));
#367 = DIRECTION('',(-0.5,-0.5,-0.707106781187));
#368 = DIRECTION('',(-0.707106781187,0.707106781187,5.551115123126E-17)
  );
#369 = ADVANCED_FACE('',(#370),#420,.F.);
#370 = FACE_BOUND('',#371,.F.);
#371 = EDGE_LOOP('',(#372,#380,#381,#382,#390,#398,#406,#414));
#372 = ORIENTED_EDGE('',*,*,#373,.F.);
#373 = EDGE_CURVE('',#105,#374,#376,.T.);
#374 = VERTEX_POINT('',#375);
#375 = CARTESIAN_POINT('',(81.8,-3.,-5.4));
#376 = LINE('',#377,#378);
#377 = CARTESIAN_POINT('',(-1.8,-3.,-5.4));
#378 = VECTOR('',#379,1.);
#379 = DIRECTION('',(1.,0.,0.));
#380 = ORIENTED_EDGE('',*,*,#104,.T.);
#381 = ORIENTED_EDGE('',*,*,#159,.T.);
#382 = ORIENTED_EDGE('',*,*,#383,.T.);
#383 = EDGE_CURVE('',#160,#384,#386,.T.);
#384 = VERTEX_POINT('',#385);
#385 = CARTESIAN_POINT('',(54.6,-3.,1.2));
#386 = LINE('',#387,#388);
#387 = CARTESIAN_POINT('',(54.6,-3.,-2.5));
#388 = VECTOR('',#389,1.);
#389 = DIRECTION('',(0.,0.,-1.));
#390 = ORIENTED_EDGE('',*,*,#391,.T.);
#391 = EDGE_CURVE('',#384,#392,#394,.T.);
#392 = VERTEX_POINT('',#393);
#393 = CARTESIAN_POINT('',(65.4,-3.,1.2));
#394 = LINE('',#395,#396);
#395 = CARTESIAN_POINT('',(25.8,-3.,1.2));
#396 = VECTOR('',#397,1.);
#397 = DIRECTION('',(1.,0.,0.));
#398 = ORIENTED_EDGE('',*,*,#399,.F.);
#399 = EDGE_CURVE('',#400,#392,#402,.T.);
#400 = VERTEX_POINT('',#401);
#401 = CARTESIAN_POINT('',(65.4,-3.,2.6));
#402 = LINE('',#403,#404);
#403 = CARTESIAN_POINT('',(65.4,-3.,-2.5));
#404 = VECTOR('',#405,1.);
#405 = DIRECTION('',(0.,0.,-1.));
#406 = ORIENTED_EDGE('',*,*,#407,.T.);
#407 = EDGE_CURVE('',#400,#408,#410,.T.);
#408 = VERTEX_POINT('',#409);
#409 = CARTESIAN_POINT('',(81.8,-3.,2.6));
#410 = LINE('',#411,#412);
#411 = CARTESIAN_POINT('',(-3.,-3.,2.6));
#412 = VECTOR('',#413,1.);
#413 = DIRECTION('',(1.,0.,0.));
#414 = ORIENTED_EDGE('',*,*,#415,.F.);
#415 = EDGE_CURVE('',#374,#408,#416,.T.);
#416 = LINE('',#417,#418);
#417 = CARTESIAN_POINT('',(81.8,-3.,-6.2));
#418 = VECTOR('',#419,1.);
#419 = DIRECTION('',(0.,0.,1.));
#420 = PLANE('',#421);
#421 = AXIS2_PLACEMENT_3D('',#422,#423,#424);
#422 = CARTESIAN_POINT('',(-3.,-3.,-6.2));
#423 = DIRECTION('',(0.,1.,0.));
#424 = DIRECTION('',(0.,0.,1.));
#425 = ADVANCED_FACE('',(#426,#476,#487,#498,#509,#520,#531),#542,.F.);
#426 = FACE_BOUND('',#427,.F.);
#427 = EDGE_LOOP('',(#428,#429,#430,#438,#446,#454,#462,#470));
#428 = ORIENTED_EDGE('',*,*,#143,.F.);
#429 = ORIENTED_EDGE('',*,*,#359,.T.);
#430 = ORIENTED_EDGE('',*,*,#431,.T.);
#431 = EDGE_CURVE('',#352,#432,#434,.T.);
#432 = VERTEX_POINT('',#433);
#433 = CARTESIAN_POINT('',(81.468629150102,-2.2,-6.2));
#434 = LINE('',#435,#436);
#435 = CARTESIAN_POINT('',(-1.8,-2.2,-6.2));
#436 = VECTOR('',#437,1.);
#437 = DIRECTION('',(1.,0.,0.));
#438 = ORIENTED_EDGE('',*,*,#439,.F.);
#439 = EDGE_CURVE('',#440,#432,#442,.T.);
#440 = VERTEX_POINT('',#441);
#441 = CARTESIAN_POINT('',(82.2,-1.468629150102,-6.2));
#442 = LINE('',#443,#444);
#443 = CARTESIAN_POINT('',(82.434314575051,-1.234314575051,-6.2));
#444 = VECTOR('',#445,1.);
#445 = DIRECTION('',(-0.707106781187,-0.707106781187,0.));
#446 = ORIENTED_EDGE('',*,*,#447,.T.);
#447 = EDGE_CURVE('',#440,#448,#450,.T.);
#448 = VERTEX_POINT('',#449);
#449 = CARTESIAN_POINT('',(82.2,55.468629150102,-6.2));
#450 = LINE('',#451,#452);
#451 = CARTESIAN_POINT('',(82.2,-1.8,-6.2));
#452 = VECTOR('',#453,1.);
#453 = DIRECTION('',(0.,1.,0.));
#454 = ORIENTED_EDGE('',*,*,#455,.T.);
#455 = EDGE_CURVE('',#448,#456,#458,.T.);
#456 = VERTEX_POINT('',#457);
#457 = CARTESIAN_POINT('',(81.468629150102,56.2,-6.2));
#458 = LINE('',#459,#460);
#459 = CARTESIAN_POINT('',(82.434314575051,55.234314575051,-6.2));
#460 = VECTOR('',#461,1.);
#461 = DIRECTION('',(-0.707106781187,0.707106781187,0.));
#462 = ORIENTED_EDGE('',*,*,#463,.F.);
#463 = EDGE_CURVE('',#464,#456,#466,.T.);
#464 = VERTEX_POINT('',#465);
#465 = CARTESIAN_POINT('',(-1.468629150102,56.2,-6.2));
#466 = LINE('',#467,#468);
#467 = CARTESIAN_POINT('',(-1.8,56.2,-6.2));
#468 = VECTOR('',#469,1.);
#469 = DIRECTION('',(1.,0.,0.));
#470 = ORIENTED_EDGE('',*,*,#471,.F.);
#471 = EDGE_CURVE('',#136,#464,#472,.T.);
#472 = LINE('',#473,#474);
#473 = CARTESIAN_POINT('',(-2.434314575051,55.234314575051,-6.2));
#474 = VECTOR('',#475,1.);
#475 = DIRECTION('',(0.707106781187,0.707106781187,0.));
#476 = FACE_BOUND('',#477,.F.);
#477 = EDGE_LOOP('',(#478));
#478 = ORIENTED_EDGE('',*,*,#479,.F.);
#479 = EDGE_CURVE('',#480,#480,#482,.T.);
#480 = VERTEX_POINT('',#481);
#481 = CARTESIAN_POINT('',(7.15,6.,-6.2));
#482 = CIRCLE('',#483,2.15);
#483 = AXIS2_PLACEMENT_3D('',#484,#485,#486);
#484 = CARTESIAN_POINT('',(5.,6.,-6.2));
#485 = DIRECTION('',(0.,0.,1.));
#486 = DIRECTION('',(1.,0.,0.));
#487 = FACE_BOUND('',#488,.F.);
#488 = EDGE_LOOP('',(#489));
#489 = ORIENTED_EDGE('',*,*,#490,.F.);
#490 = EDGE_CURVE('',#491,#491,#493,.T.);
#491 = VERTEX_POINT('',#492);
#492 = CARTESIAN_POINT('',(32.9,4.,-6.2));
#493 = CIRCLE('',#494,0.9);
#494 = AXIS2_PLACEMENT_3D('',#495,#496,#497);
#495 = CARTESIAN_POINT('',(32.,4.,-6.2));
#496 = DIRECTION('',(0.,0.,1.));
#497 = DIRECTION('',(1.,0.,0.));
#498 = FACE_BOUND('',#499,.F.);
#499 = EDGE_LOOP('',(#500));
#500 = ORIENTED_EDGE('',*,*,#501,.F.);
#501 = EDGE_CURVE('',#502,#502,#504,.T.);
#502 = VERTEX_POINT('',#503);
#503 = CARTESIAN_POINT('',(38.9,4.,-6.2));
#504 = CIRCLE('',#505,0.9);
#505 = AXIS2_PLACEMENT_3D('',#506,#507,#508);
#506 = CARTESIAN_POINT('',(38.,4.,-6.2));
#507 = DIRECTION('',(0.,0.,1.));
#508 = DIRECTION('',(1.,0.,0.));
#509 = FACE_BOUND('',#510,.F.);
#510 = EDGE_LOOP('',(#511));
#511 = ORIENTED_EDGE('',*,*,#512,.F.);
#512 = EDGE_CURVE('',#513,#513,#515,.T.);
#513 = VERTEX_POINT('',#514);
#514 = CARTESIAN_POINT('',(77.15,6.,-6.2));
#515 = CIRCLE('',#516,2.15);
#516 = AXIS2_PLACEMENT_3D('',#517,#518,#519);
#517 = CARTESIAN_POINT('',(75.,6.,-6.2));
#518 = DIRECTION('',(0.,0.,1.));
#519 = DIRECTION('',(1.,0.,0.));
#520 = FACE_BOUND('',#521,.F.);
#521 = EDGE_LOOP('',(#522));
#522 = ORIENTED_EDGE('',*,*,#523,.F.);
#523 = EDGE_CURVE('',#524,#524,#526,.T.);
#524 = VERTEX_POINT('',#525);
#525 = CARTESIAN_POINT('',(7.15,49.,-6.2));
#526 = CIRCLE('',#527,2.15);
#527 = AXIS2_PLACEMENT_3D('',#528,#529,#530);
#528 = CARTESIAN_POINT('',(5.,49.,-6.2));
#529 = DIRECTION('',(0.,0.,1.));
#530 = DIRECTION('',(1.,0.,0.));
#531 = FACE_BOUND('',#532,.F.);
#532 = EDGE_LOOP('',(#533));
#533 = ORIENTED_EDGE('',*,*,#534,.F.);
#534 = EDGE_CURVE('',#535,#535,#537,.T.);
#535 = VERTEX_POINT('',#536);
#536 = CARTESIAN_POINT('',(77.15,49.,-6.2));
#537 = CIRCLE('',#538,2.15);
#538 = AXIS2_PLACEMENT_3D('',#539,#540,#541);
#539 = CARTESIAN_POINT('',(75.,49.,-6.2));
#540 = DIRECTION('',(0.,0.,1.));
#541 = DIRECTION('',(1.,0.,0.));
#542 = PLANE('',#543);
#543 = AXIS2_PLACEMENT_3D('',#544,#545,#546);
#544 = CARTESIAN_POINT('',(-3.,-3.,-6.2));
#545 = DIRECTION('',(0.,0.,1.));
#546 = DIRECTION('',(1.,0.,0.));
#547 = ADVANCED_FACE('',(#548),#559,.F.);
#548 = FACE_BOUND('',#549,.T.);
#549 = EDGE_LOOP('',(#550,#551,#552,#558));
#550 = ORIENTED_EDGE('',*,*,#135,.F.);
#551 = ORIENTED_EDGE('',*,*,#239,.T.);
#552 = ORIENTED_EDGE('',*,*,#553,.T.);
#553 = EDGE_CURVE('',#232,#464,#554,.T.);
#554 = LINE('',#555,#556);
#555 = CARTESIAN_POINT('',(-1.580364146373,56.46975214339,-5.93024785661
    ));
#556 = VECTOR('',#557,1.);
#557 = DIRECTION('',(0.281084637715,-0.678598344546,-0.678598344546));
#558 = ORIENTED_EDGE('',*,*,#471,.F.);
#559 = PLANE('',#560);
#560 = AXIS2_PLACEMENT_3D('',#561,#562,#563);
#561 = CARTESIAN_POINT('',(-2.717157287525,55.517157287525,-5.8));
#562 = DIRECTION('',(0.5,-0.5,0.707106781187));
#563 = DIRECTION('',(-0.707106781187,-0.707106781187,-0.));
#564 = ADVANCED_FACE('',(#565),#600,.T.);
#565 = FACE_BOUND('',#566,.T.);
#566 = EDGE_LOOP('',(#567,#575,#576,#577,#586,#594));
#567 = ORIENTED_EDGE('',*,*,#568,.F.);
#568 = EDGE_CURVE('',#232,#569,#571,.T.);
#569 = VERTEX_POINT('',#570);
#570 = CARTESIAN_POINT('',(81.8,57.,-5.4));
#571 = LINE('',#572,#573);
#572 = CARTESIAN_POINT('',(-1.8,57.,-5.4));
#573 = VECTOR('',#574,1.);
#574 = DIRECTION('',(1.,0.,0.));
#575 = ORIENTED_EDGE('',*,*,#231,.T.);
#576 = ORIENTED_EDGE('',*,*,#207,.T.);
#577 = ORIENTED_EDGE('',*,*,#578,.F.);
#578 = EDGE_CURVE('',#579,#200,#581,.T.);
#579 = VERTEX_POINT('',#580);
#580 = CARTESIAN_POINT('',(14.686020108197,57.,2.6));
#581 = CIRCLE('',#582,3.3);
#582 = AXIS2_PLACEMENT_3D('',#583,#584,#585);
#583 = CARTESIAN_POINT('',(12.1,57.,4.65));
#584 = DIRECTION('',(0.,1.,0.));
#585 = DIRECTION('',(0.,0.,1.));
#586 = ORIENTED_EDGE('',*,*,#587,.T.);
#587 = EDGE_CURVE('',#579,#588,#590,.T.);
#588 = VERTEX_POINT('',#589);
#589 = CARTESIAN_POINT('',(81.8,57.,2.6));
#590 = LINE('',#591,#592);
#591 = CARTESIAN_POINT('',(-3.,57.,2.6));
#592 = VECTOR('',#593,1.);
#593 = DIRECTION('',(1.,0.,0.));
#594 = ORIENTED_EDGE('',*,*,#595,.F.);
#595 = EDGE_CURVE('',#569,#588,#596,.T.);
#596 = LINE('',#597,#598);
#597 = CARTESIAN_POINT('',(81.8,57.,-6.2));
#598 = VECTOR('',#599,1.);
#599 = DIRECTION('',(0.,0.,1.));
#600 = PLANE('',#601);
#601 = AXIS2_PLACEMENT_3D('',#602,#603,#604);
#602 = CARTESIAN_POINT('',(-3.,57.,-6.2));
#603 = DIRECTION('',(0.,1.,0.));
#604 = DIRECTION('',(0.,0.,1.));
#605 = ADVANCED_FACE('',(#606),#659,.F.);
#606 = FACE_BOUND('',#607,.F.);
#607 = EDGE_LOOP('',(#608,#617,#618,#619,#627,#636,#644,#653));
#608 = ORIENTED_EDGE('',*,*,#609,.T.);
#609 = EDGE_CURVE('',#610,#192,#612,.T.);
#610 = VERTEX_POINT('',#611);
#611 = CARTESIAN_POINT('',(10.840039683165,55.25,1.6));
#612 = CIRCLE('',#613,3.3);
#613 = AXIS2_PLACEMENT_3D('',#614,#615,#616);
#614 = CARTESIAN_POINT('',(12.1,55.25,4.65));
#615 = DIRECTION('',(0.,1.,0.));
#616 = DIRECTION('',(0.,0.,1.));
#617 = ORIENTED_EDGE('',*,*,#199,.T.);
#618 = ORIENTED_EDGE('',*,*,#578,.F.);
#619 = ORIENTED_EDGE('',*,*,#620,.F.);
#620 = EDGE_CURVE('',#621,#579,#623,.T.);
#621 = VERTEX_POINT('',#622);
#622 = CARTESIAN_POINT('',(14.686020108197,55.25,2.6));
#623 = LINE('',#624,#625);
#624 = CARTESIAN_POINT('',(14.686020108197,54.,2.6));
#625 = VECTOR('',#626,1.);
#626 = DIRECTION('',(0.,1.,0.));
#627 = ORIENTED_EDGE('',*,*,#628,.T.);
#628 = EDGE_CURVE('',#621,#629,#631,.T.);
#629 = VERTEX_POINT('',#630);
#630 = CARTESIAN_POINT('',(13.359960316835,55.25,1.6));
#631 = CIRCLE('',#632,3.3);
#632 = AXIS2_PLACEMENT_3D('',#633,#634,#635);
#633 = CARTESIAN_POINT('',(12.1,55.25,4.65));
#634 = DIRECTION('',(0.,1.,0.));
#635 = DIRECTION('',(0.,0.,1.));
#636 = ORIENTED_EDGE('',*,*,#637,.F.);
#637 = EDGE_CURVE('',#638,#629,#640,.T.);
#638 = VERTEX_POINT('',#639);
#639 = CARTESIAN_POINT('',(13.359960316835,55.,1.6));
#640 = LINE('',#641,#642);
#641 = CARTESIAN_POINT('',(13.359960316835,54.,1.6));
#642 = VECTOR('',#643,1.);
#643 = DIRECTION('',(0.,1.,0.));
#644 = ORIENTED_EDGE('',*,*,#645,.T.);
#645 = EDGE_CURVE('',#638,#646,#648,.T.);
#646 = VERTEX_POINT('',#647);
#647 = CARTESIAN_POINT('',(10.840039683165,55.,1.6));
#648 = CIRCLE('',#649,3.3);
#649 = AXIS2_PLACEMENT_3D('',#650,#651,#652);
#650 = CARTESIAN_POINT('',(12.1,55.,4.65));
#651 = DIRECTION('',(0.,1.,0.));
#652 = DIRECTION('',(0.,0.,1.));
#653 = ORIENTED_EDGE('',*,*,#654,.T.);
#654 = EDGE_CURVE('',#646,#610,#655,.T.);
#655 = LINE('',#656,#657);
#656 = CARTESIAN_POINT('',(10.840039683165,54.,1.6));
#657 = VECTOR('',#658,1.);
#658 = DIRECTION('',(0.,1.,0.));
#659 = CYLINDRICAL_SURFACE('',#660,3.3);
#660 = AXIS2_PLACEMENT_3D('',#661,#662,#663);
#661 = CARTESIAN_POINT('',(12.1,54.,4.65));
#662 = DIRECTION('',(0.,1.,0.));
#663 = DIRECTION('',(0.,0.,1.));
#664 = ADVANCED_FACE('',(#665),#683,.F.);
#665 = FACE_BOUND('',#666,.F.);
#666 = EDGE_LOOP('',(#667,#668,#676,#682));
#667 = ORIENTED_EDGE('',*,*,#609,.F.);
#668 = ORIENTED_EDGE('',*,*,#669,.F.);
#669 = EDGE_CURVE('',#670,#610,#672,.T.);
#670 = VERTEX_POINT('',#671);
#671 = CARTESIAN_POINT('',(-1.25,55.25,1.6));
#672 = LINE('',#673,#674);
#673 = CARTESIAN_POINT('',(-1.25,55.25,1.6));
#674 = VECTOR('',#675,1.);
#675 = DIRECTION('',(1.,0.,0.));
#676 = ORIENTED_EDGE('',*,*,#677,.T.);
#677 = EDGE_CURVE('',#670,#184,#678,.T.);
#678 = LINE('',#679,#680);
#679 = CARTESIAN_POINT('',(-1.25,55.25,1.6));
#680 = VECTOR('',#681,1.);
#681 = DIRECTION('',(0.,0.,1.));
#682 = ORIENTED_EDGE('',*,*,#191,.F.);
#683 = PLANE('',#684);
#684 = AXIS2_PLACEMENT_3D('',#685,#686,#687);
#685 = CARTESIAN_POINT('',(-1.25,55.25,1.6));
#686 = DIRECTION('',(0.,1.,0.));
#687 = DIRECTION('',(0.,0.,1.));
#688 = ADVANCED_FACE('',(#689),#707,.T.);
#689 = FACE_BOUND('',#690,.T.);
#690 = EDGE_LOOP('',(#691,#699,#705,#706));
#691 = ORIENTED_EDGE('',*,*,#692,.F.);
#692 = EDGE_CURVE('',#693,#176,#695,.T.);
#693 = VERTEX_POINT('',#694);
#694 = CARTESIAN_POINT('',(-1.25,-1.25,1.6));
#695 = LINE('',#696,#697);
#696 = CARTESIAN_POINT('',(-1.25,-1.25,1.6));
#697 = VECTOR('',#698,1.);
#698 = DIRECTION('',(0.,0.,1.));
#699 = ORIENTED_EDGE('',*,*,#700,.T.);
#700 = EDGE_CURVE('',#693,#670,#701,.T.);
#701 = LINE('',#702,#703);
#702 = CARTESIAN_POINT('',(-1.25,-1.25,1.6));
#703 = VECTOR('',#704,1.);
#704 = DIRECTION('',(0.,1.,0.));
#705 = ORIENTED_EDGE('',*,*,#677,.T.);
#706 = ORIENTED_EDGE('',*,*,#183,.F.);
#707 = PLANE('',#708);
#708 = AXIS2_PLACEMENT_3D('',#709,#710,#711);
#709 = CARTESIAN_POINT('',(-1.25,-1.25,1.6));
#710 = DIRECTION('',(1.,0.,0.));
#711 = DIRECTION('',(0.,0.,1.));
#712 = ADVANCED_FACE('',(#713),#731,.T.);
#713 = FACE_BOUND('',#714,.T.);
#714 = EDGE_LOOP('',(#715,#723,#729,#730));
#715 = ORIENTED_EDGE('',*,*,#716,.T.);
#716 = EDGE_CURVE('',#168,#717,#719,.T.);
#717 = VERTEX_POINT('',#718);
#718 = CARTESIAN_POINT('',(54.6,-1.25,1.6));
#719 = LINE('',#720,#721);
#720 = CARTESIAN_POINT('',(54.6,-1.25,1.4));
#721 = VECTOR('',#722,1.);
#722 = DIRECTION('',(0.,0.,-1.));
#723 = ORIENTED_EDGE('',*,*,#724,.F.);
#724 = EDGE_CURVE('',#693,#717,#725,.T.);
#725 = LINE('',#726,#727);
#726 = CARTESIAN_POINT('',(-1.25,-1.25,1.6));
#727 = VECTOR('',#728,1.);
#728 = DIRECTION('',(1.,0.,0.));
#729 = ORIENTED_EDGE('',*,*,#692,.T.);
#730 = ORIENTED_EDGE('',*,*,#175,.F.);
#731 = PLANE('',#732);
#732 = AXIS2_PLACEMENT_3D('',#733,#734,#735);
#733 = CARTESIAN_POINT('',(-1.25,-1.25,1.6));
#734 = DIRECTION('',(0.,1.,0.));
#735 = DIRECTION('',(0.,0.,1.));
#736 = ADVANCED_FACE('',(#737),#764,.T.);
#737 = FACE_BOUND('',#738,.T.);
#738 = EDGE_LOOP('',(#739,#740,#748,#756,#762,#763));
#739 = ORIENTED_EDGE('',*,*,#383,.T.);
#740 = ORIENTED_EDGE('',*,*,#741,.T.);
#741 = EDGE_CURVE('',#384,#742,#744,.T.);
#742 = VERTEX_POINT('',#743);
#743 = CARTESIAN_POINT('',(54.6,-1.,1.2));
#744 = LINE('',#745,#746);
#745 = CARTESIAN_POINT('',(54.6,-4.,1.2));
#746 = VECTOR('',#747,1.);
#747 = DIRECTION('',(0.,1.,0.));
#748 = ORIENTED_EDGE('',*,*,#749,.F.);
#749 = EDGE_CURVE('',#750,#742,#752,.T.);
#750 = VERTEX_POINT('',#751);
#751 = CARTESIAN_POINT('',(54.6,-1.,1.6));
#752 = LINE('',#753,#754);
#753 = CARTESIAN_POINT('',(54.6,-1.,-1.75));
#754 = VECTOR('',#755,1.);
#755 = DIRECTION('',(0.,0.,-1.));
#756 = ORIENTED_EDGE('',*,*,#757,.F.);
#757 = EDGE_CURVE('',#717,#750,#758,.T.);
#758 = LINE('',#759,#760);
#759 = CARTESIAN_POINT('',(54.6,-2.625,1.6));
#760 = VECTOR('',#761,1.);
#761 = DIRECTION('',(0.,1.,0.));
#762 = ORIENTED_EDGE('',*,*,#716,.F.);
#763 = ORIENTED_EDGE('',*,*,#167,.F.);
#764 = PLANE('',#765);
#765 = AXIS2_PLACEMENT_3D('',#766,#767,#768);
#766 = CARTESIAN_POINT('',(54.6,-4.,1.2));
#767 = DIRECTION('',(1.,0.,0.));
#768 = DIRECTION('',(0.,0.,1.));
#769 = ADVANCED_FACE('',(#770,#804),#810,.T.);
#770 = FACE_BOUND('',#771,.T.);
#771 = EDGE_LOOP('',(#772,#782,#790,#798));
#772 = ORIENTED_EDGE('',*,*,#773,.F.);
#773 = EDGE_CURVE('',#774,#776,#778,.T.);
#774 = VERTEX_POINT('',#775);
#775 = CARTESIAN_POINT('',(-1.,-1.,-4.7));
#776 = VERTEX_POINT('',#777);
#777 = CARTESIAN_POINT('',(-1.,-1.,1.6));
#778 = LINE('',#779,#780);
#779 = CARTESIAN_POINT('',(-1.,-1.,-4.7));
#780 = VECTOR('',#781,1.);
#781 = DIRECTION('',(0.,0.,1.));
#782 = ORIENTED_EDGE('',*,*,#783,.T.);
#783 = EDGE_CURVE('',#774,#784,#786,.T.);
#784 = VERTEX_POINT('',#785);
#785 = CARTESIAN_POINT('',(-1.,55.,-4.7));
#786 = LINE('',#787,#788);
#787 = CARTESIAN_POINT('',(-1.,-1.,-4.7));
#788 = VECTOR('',#789,1.);
#789 = DIRECTION('',(0.,1.,0.));
#790 = ORIENTED_EDGE('',*,*,#791,.T.);
#791 = EDGE_CURVE('',#784,#792,#794,.T.);
#792 = VERTEX_POINT('',#793);
#793 = CARTESIAN_POINT('',(-1.,55.,1.6));
#794 = LINE('',#795,#796);
#795 = CARTESIAN_POINT('',(-1.,55.,-4.7));
#796 = VECTOR('',#797,1.);
#797 = DIRECTION('',(0.,0.,1.));
#798 = ORIENTED_EDGE('',*,*,#799,.T.);
#799 = EDGE_CURVE('',#792,#776,#800,.T.);
#800 = LINE('',#801,#802);
#801 = CARTESIAN_POINT('',(-1.,-1.125,1.6));
#802 = VECTOR('',#803,1.);
#803 = DIRECTION('',(0.,-1.,0.));
#804 = FACE_BOUND('',#805,.T.);
#805 = EDGE_LOOP('',(#806,#807,#808,#809));
#806 = ORIENTED_EDGE('',*,*,#270,.T.);
#807 = ORIENTED_EDGE('',*,*,#335,.T.);
#808 = ORIENTED_EDGE('',*,*,#318,.F.);
#809 = ORIENTED_EDGE('',*,*,#294,.F.);
#810 = PLANE('',#811);
#811 = AXIS2_PLACEMENT_3D('',#812,#813,#814);
#812 = CARTESIAN_POINT('',(-1.,-1.,-4.7));
#813 = DIRECTION('',(1.,0.,0.));
#814 = DIRECTION('',(0.,0.,1.));
#815 = ADVANCED_FACE('',(#816),#827,.T.);
#816 = FACE_BOUND('',#817,.T.);
#817 = EDGE_LOOP('',(#818,#819,#820,#826));
#818 = ORIENTED_EDGE('',*,*,#351,.T.);
#819 = ORIENTED_EDGE('',*,*,#431,.T.);
#820 = ORIENTED_EDGE('',*,*,#821,.T.);
#821 = EDGE_CURVE('',#432,#374,#822,.T.);
#822 = LINE('',#823,#824);
#823 = CARTESIAN_POINT('',(78.277805771595,5.503329075527,
    -13.90332907552));
#824 = VECTOR('',#825,1.);
#825 = DIRECTION('',(0.281084637715,-0.678598344546,0.678598344546));
#826 = ORIENTED_EDGE('',*,*,#373,.F.);
#827 = PLANE('',#828);
#828 = AXIS2_PLACEMENT_3D('',#829,#830,#831);
#829 = CARTESIAN_POINT('',(-1.8,-2.6,-5.8));
#830 = DIRECTION('',(0.,-0.707106781187,-0.707106781187));
#831 = DIRECTION('',(1.,0.,0.));
#832 = ADVANCED_FACE('',(#833),#858,.F.);
#833 = FACE_BOUND('',#834,.T.);
#834 = EDGE_LOOP('',(#835,#845,#851,#852));
#835 = ORIENTED_EDGE('',*,*,#836,.T.);
#836 = EDGE_CURVE('',#837,#839,#841,.T.);
#837 = VERTEX_POINT('',#838);
#838 = CARTESIAN_POINT('',(83.,-1.8,-5.4));
#839 = VERTEX_POINT('',#840);
#840 = CARTESIAN_POINT('',(83.,-1.8,2.6));
#841 = LINE('',#842,#843);
#842 = CARTESIAN_POINT('',(83.,-1.8,-6.2));
#843 = VECTOR('',#844,1.);
#844 = DIRECTION('',(0.,0.,1.));
#845 = ORIENTED_EDGE('',*,*,#846,.T.);
#846 = EDGE_CURVE('',#839,#408,#847,.T.);
#847 = LINE('',#848,#849);
#848 = CARTESIAN_POINT('',(60.9,-23.9,2.6));
#849 = VECTOR('',#850,1.);
#850 = DIRECTION('',(-0.707106781187,-0.707106781187,0.));
#851 = ORIENTED_EDGE('',*,*,#415,.F.);
#852 = ORIENTED_EDGE('',*,*,#853,.F.);
#853 = EDGE_CURVE('',#837,#374,#854,.T.);
#854 = LINE('',#855,#856);
#855 = CARTESIAN_POINT('',(83.,-1.8,-5.4));
#856 = VECTOR('',#857,1.);
#857 = DIRECTION('',(-0.707106781187,-0.707106781187,0.));
#858 = PLANE('',#859);
#859 = AXIS2_PLACEMENT_3D('',#860,#861,#862);
#860 = CARTESIAN_POINT('',(82.4,-2.4,-6.2));
#861 = DIRECTION('',(-0.707106781187,0.707106781187,0.));
#862 = DIRECTION('',(-0.,-0.,-1.));
#863 = ADVANCED_FACE('',(#864),#914,.T.);
#864 = FACE_BOUND('',#865,.T.);
#865 = EDGE_LOOP('',(#866,#867,#868,#876,#884,#892,#898,#899,#900,#908)
  );
#866 = ORIENTED_EDGE('',*,*,#587,.F.);
#867 = ORIENTED_EDGE('',*,*,#620,.F.);
#868 = ORIENTED_EDGE('',*,*,#869,.F.);
#869 = EDGE_CURVE('',#870,#621,#872,.T.);
#870 = VERTEX_POINT('',#871);
#871 = CARTESIAN_POINT('',(81.25,55.25,2.6));
#872 = LINE('',#873,#874);
#873 = CARTESIAN_POINT('',(-2.125,55.25,2.6));
#874 = VECTOR('',#875,1.);
#875 = DIRECTION('',(-1.,0.,0.));
#876 = ORIENTED_EDGE('',*,*,#877,.F.);
#877 = EDGE_CURVE('',#878,#870,#880,.T.);
#878 = VERTEX_POINT('',#879);
#879 = CARTESIAN_POINT('',(81.25,-1.25,2.6));
#880 = LINE('',#881,#882);
#881 = CARTESIAN_POINT('',(81.25,-2.125,2.6));
#882 = VECTOR('',#883,1.);
#883 = DIRECTION('',(0.,1.,0.));
#884 = ORIENTED_EDGE('',*,*,#885,.T.);
#885 = EDGE_CURVE('',#878,#886,#888,.T.);
#886 = VERTEX_POINT('',#887);
#887 = CARTESIAN_POINT('',(65.4,-1.25,2.6));
#888 = LINE('',#889,#890);
#889 = CARTESIAN_POINT('',(-2.125,-1.25,2.6));
#890 = VECTOR('',#891,1.);
#891 = DIRECTION('',(-1.,0.,0.));
#892 = ORIENTED_EDGE('',*,*,#893,.F.);
#893 = EDGE_CURVE('',#400,#886,#894,.T.);
#894 = LINE('',#895,#896);
#895 = CARTESIAN_POINT('',(65.4,-3.5,2.6));
#896 = VECTOR('',#897,1.);
#897 = DIRECTION('',(0.,1.,0.));
#898 = ORIENTED_EDGE('',*,*,#407,.T.);
#899 = ORIENTED_EDGE('',*,*,#846,.F.);
#900 = ORIENTED_EDGE('',*,*,#901,.T.);
#901 = EDGE_CURVE('',#839,#902,#904,.T.);
#902 = VERTEX_POINT('',#903);
#903 = CARTESIAN_POINT('',(83.,55.8,2.6));
#904 = LINE('',#905,#906);
#905 = CARTESIAN_POINT('',(83.,-3.,2.6));
#906 = VECTOR('',#907,1.);
#907 = DIRECTION('',(0.,1.,0.));
#908 = ORIENTED_EDGE('',*,*,#909,.T.);
#909 = EDGE_CURVE('',#902,#588,#910,.T.);
#910 = LINE('',#911,#912);
#911 = CARTESIAN_POINT('',(75.9,62.9,2.6));
#912 = VECTOR('',#913,1.);
#913 = DIRECTION('',(-0.707106781187,0.707106781187,0.));
#914 = PLANE('',#915);
#915 = AXIS2_PLACEMENT_3D('',#916,#917,#918);
#916 = CARTESIAN_POINT('',(-3.,-3.,2.6));
#917 = DIRECTION('',(0.,0.,1.));
#918 = DIRECTION('',(1.,0.,0.));
#919 = ADVANCED_FACE('',(#920),#954,.F.);
#920 = FACE_BOUND('',#921,.F.);
#921 = EDGE_LOOP('',(#922,#923,#931,#939,#947,#953));
#922 = ORIENTED_EDGE('',*,*,#399,.T.);
#923 = ORIENTED_EDGE('',*,*,#924,.T.);
#924 = EDGE_CURVE('',#392,#925,#927,.T.);
#925 = VERTEX_POINT('',#926);
#926 = CARTESIAN_POINT('',(65.4,-1.,1.2));
#927 = LINE('',#928,#929);
#928 = CARTESIAN_POINT('',(65.4,-4.,1.2));
#929 = VECTOR('',#930,1.);
#930 = DIRECTION('',(0.,1.,0.));
#931 = ORIENTED_EDGE('',*,*,#932,.F.);
#932 = EDGE_CURVE('',#933,#925,#935,.T.);
#933 = VERTEX_POINT('',#934);
#934 = CARTESIAN_POINT('',(65.4,-1.,1.6));
#935 = LINE('',#936,#937);
#936 = CARTESIAN_POINT('',(65.4,-1.,-1.75));
#937 = VECTOR('',#938,1.);
#938 = DIRECTION('',(0.,0.,-1.));
#939 = ORIENTED_EDGE('',*,*,#940,.F.);
#940 = EDGE_CURVE('',#941,#933,#943,.T.);
#941 = VERTEX_POINT('',#942);
#942 = CARTESIAN_POINT('',(65.4,-1.25,1.6));
#943 = LINE('',#944,#945);
#944 = CARTESIAN_POINT('',(65.4,-2.625,1.6));
#945 = VECTOR('',#946,1.);
#946 = DIRECTION('',(0.,1.,0.));
#947 = ORIENTED_EDGE('',*,*,#948,.F.);
#948 = EDGE_CURVE('',#886,#941,#949,.T.);
#949 = LINE('',#950,#951);
#950 = CARTESIAN_POINT('',(65.4,-1.25,1.4));
#951 = VECTOR('',#952,1.);
#952 = DIRECTION('',(0.,0.,-1.));
#953 = ORIENTED_EDGE('',*,*,#893,.F.);
#954 = PLANE('',#955);
#955 = AXIS2_PLACEMENT_3D('',#956,#957,#958);
#956 = CARTESIAN_POINT('',(65.4,-4.,1.2));
#957 = DIRECTION('',(1.,0.,0.));
#958 = DIRECTION('',(0.,0.,1.));
#959 = ADVANCED_FACE('',(#960),#971,.T.);
#960 = FACE_BOUND('',#961,.T.);
#961 = EDGE_LOOP('',(#962,#963,#964,#965));
#962 = ORIENTED_EDGE('',*,*,#741,.F.);
#963 = ORIENTED_EDGE('',*,*,#391,.T.);
#964 = ORIENTED_EDGE('',*,*,#924,.T.);
#965 = ORIENTED_EDGE('',*,*,#966,.F.);
#966 = EDGE_CURVE('',#742,#925,#967,.T.);
#967 = LINE('',#968,#969);
#968 = CARTESIAN_POINT('',(26.8,-1.,1.2));
#969 = VECTOR('',#970,1.);
#970 = DIRECTION('',(1.,0.,0.));
#971 = PLANE('',#972);
#972 = AXIS2_PLACEMENT_3D('',#973,#974,#975);
#973 = CARTESIAN_POINT('',(54.6,-4.,1.2));
#974 = DIRECTION('',(0.,0.,1.));
#975 = DIRECTION('',(1.,0.,0.));
#976 = ADVANCED_FACE('',(#977),#988,.F.);
#977 = FACE_BOUND('',#978,.F.);
#978 = EDGE_LOOP('',(#979,#980,#981,#987));
#979 = ORIENTED_EDGE('',*,*,#553,.T.);
#980 = ORIENTED_EDGE('',*,*,#463,.T.);
#981 = ORIENTED_EDGE('',*,*,#982,.T.);
#982 = EDGE_CURVE('',#456,#569,#983,.T.);
#983 = LINE('',#984,#985);
#984 = CARTESIAN_POINT('',(78.277805771595,48.496670924473,
    -13.90332907552));
#985 = VECTOR('',#986,1.);
#986 = DIRECTION('',(0.281084637715,0.678598344546,0.678598344546));
#987 = ORIENTED_EDGE('',*,*,#568,.F.);
#988 = PLANE('',#989);
#989 = AXIS2_PLACEMENT_3D('',#990,#991,#992);
#990 = CARTESIAN_POINT('',(-1.8,56.6,-5.8));
#991 = DIRECTION('',(6.983161618628E-18,-0.707106781187,0.707106781187)
  );
#992 = DIRECTION('',(1.,4.937840934654E-18,-4.937840934654E-18));
#993 = ADVANCED_FACE('',(#994),#1005,.F.);
#994 = FACE_BOUND('',#995,.F.);
#995 = EDGE_LOOP('',(#996,#1002,#1003,#1004));
#996 = ORIENTED_EDGE('',*,*,#997,.F.);
#997 = EDGE_CURVE('',#440,#837,#998,.T.);
#998 = LINE('',#999,#1000);
#999 = CARTESIAN_POINT('',(82.631603429424,-1.647405144136,
    -5.768396570576));
#1000 = VECTOR('',#1001,1.);
#1001 = DIRECTION('',(0.678598344546,-0.281084637715,0.678598344546));
#1002 = ORIENTED_EDGE('',*,*,#439,.T.);
#1003 = ORIENTED_EDGE('',*,*,#821,.T.);
#1004 = ORIENTED_EDGE('',*,*,#853,.F.);
#1005 = PLANE('',#1006);
#1006 = AXIS2_PLACEMENT_3D('',#1007,#1008,#1009);
#1007 = CARTESIAN_POINT('',(82.717157287525,-1.517157287525,-5.8));
#1008 = DIRECTION('',(-0.5,0.5,0.707106781187));
#1009 = DIRECTION('',(-0.707106781187,-0.707106781187,
    -1.942890293094E-16));
#1010 = ADVANCED_FACE('',(#1011),#1029,.T.);
#1011 = FACE_BOUND('',#1012,.T.);
#1012 = EDGE_LOOP('',(#1013,#1021,#1022,#1023));
#1013 = ORIENTED_EDGE('',*,*,#1014,.F.);
#1014 = EDGE_CURVE('',#448,#1015,#1017,.T.);
#1015 = VERTEX_POINT('',#1016);
#1016 = CARTESIAN_POINT('',(83.,55.8,-5.4));
#1017 = LINE('',#1018,#1019);
#1018 = CARTESIAN_POINT('',(77.138188618304,53.371958225629,
    -11.26181138169));
#1019 = VECTOR('',#1020,1.);
#1020 = DIRECTION('',(0.678598344546,0.281084637715,0.678598344546));
#1021 = ORIENTED_EDGE('',*,*,#455,.T.);
#1022 = ORIENTED_EDGE('',*,*,#982,.T.);
#1023 = ORIENTED_EDGE('',*,*,#1024,.F.);
#1024 = EDGE_CURVE('',#1015,#569,#1025,.T.);
#1025 = LINE('',#1026,#1027);
#1026 = CARTESIAN_POINT('',(83.,55.8,-5.4));
#1027 = VECTOR('',#1028,1.);
#1028 = DIRECTION('',(-0.707106781187,0.707106781187,0.));
#1029 = PLANE('',#1030);
#1030 = AXIS2_PLACEMENT_3D('',#1031,#1032,#1033);
#1031 = CARTESIAN_POINT('',(82.717157287525,55.517157287525,-5.8));
#1032 = DIRECTION('',(0.5,0.5,-0.707106781187));
#1033 = DIRECTION('',(-0.707106781187,0.707106781187,0.));
#1034 = ADVANCED_FACE('',(#1035),#1046,.F.);
#1035 = FACE_BOUND('',#1036,.T.);
#1036 = EDGE_LOOP('',(#1037,#1038,#1039,#1040));
#1037 = ORIENTED_EDGE('',*,*,#997,.F.);
#1038 = ORIENTED_EDGE('',*,*,#447,.T.);
#1039 = ORIENTED_EDGE('',*,*,#1014,.T.);
#1040 = ORIENTED_EDGE('',*,*,#1041,.F.);
#1041 = EDGE_CURVE('',#837,#1015,#1042,.T.);
#1042 = LINE('',#1043,#1044);
#1043 = CARTESIAN_POINT('',(83.,-1.8,-5.4));
#1044 = VECTOR('',#1045,1.);
#1045 = DIRECTION('',(0.,1.,0.));
#1046 = PLANE('',#1047);
#1047 = AXIS2_PLACEMENT_3D('',#1048,#1049,#1050);
#1048 = CARTESIAN_POINT('',(82.6,-1.8,-5.8));
#1049 = DIRECTION('',(-0.707106781187,-6.983161618628E-18,0.707106781187
    ));
#1050 = DIRECTION('',(4.937840934654E-18,-1.,-4.937840934654E-18));
#1051 = ADVANCED_FACE('',(#1052),#1071,.F.);
#1052 = FACE_BOUND('',#1053,.F.);
#1053 = EDGE_LOOP('',(#1054,#1062,#1069,#1070));
#1054 = ORIENTED_EDGE('',*,*,#1055,.T.);
#1055 = EDGE_CURVE('',#480,#1056,#1058,.T.);
#1056 = VERTEX_POINT('',#1057);
#1057 = CARTESIAN_POINT('',(7.15,6.,-4.9));
#1058 = LINE('',#1059,#1060);
#1059 = CARTESIAN_POINT('',(7.15,6.,-6.7));
#1060 = VECTOR('',#1061,1.);
#1061 = DIRECTION('',(0.,0.,1.));
#1062 = ORIENTED_EDGE('',*,*,#1063,.F.);
#1063 = EDGE_CURVE('',#1056,#1056,#1064,.T.);
#1064 = CIRCLE('',#1065,2.15);
#1065 = AXIS2_PLACEMENT_3D('',#1066,#1067,#1068);
#1066 = CARTESIAN_POINT('',(5.,6.,-4.9));
#1067 = DIRECTION('',(0.,0.,1.));
#1068 = DIRECTION('',(1.,0.,0.));
#1069 = ORIENTED_EDGE('',*,*,#1055,.F.);
#1070 = ORIENTED_EDGE('',*,*,#479,.T.);
#1071 = CYLINDRICAL_SURFACE('',#1072,2.15);
#1072 = AXIS2_PLACEMENT_3D('',#1073,#1074,#1075);
#1073 = CARTESIAN_POINT('',(5.,6.,-6.7));
#1074 = DIRECTION('',(0.,0.,1.));
#1075 = DIRECTION('',(1.,0.,0.));
#1076 = ADVANCED_FACE('',(#1077),#1096,.F.);
#1077 = FACE_BOUND('',#1078,.F.);
#1078 = EDGE_LOOP('',(#1079,#1088,#1094,#1095));
#1079 = ORIENTED_EDGE('',*,*,#1080,.F.);
#1080 = EDGE_CURVE('',#1081,#1081,#1083,.T.);
#1081 = VERTEX_POINT('',#1082);
#1082 = CARTESIAN_POINT('',(32.9,4.,-4.7));
#1083 = CIRCLE('',#1084,0.9);
#1084 = AXIS2_PLACEMENT_3D('',#1085,#1086,#1087);
#1085 = CARTESIAN_POINT('',(32.,4.,-4.7));
#1086 = DIRECTION('',(0.,0.,1.));
#1087 = DIRECTION('',(1.,0.,0.));
#1088 = ORIENTED_EDGE('',*,*,#1089,.F.);
#1089 = EDGE_CURVE('',#491,#1081,#1090,.T.);
#1090 = LINE('',#1091,#1092);
#1091 = CARTESIAN_POINT('',(32.9,4.,-7.2));
#1092 = VECTOR('',#1093,1.);
#1093 = DIRECTION('',(0.,0.,1.));
#1094 = ORIENTED_EDGE('',*,*,#490,.T.);
#1095 = ORIENTED_EDGE('',*,*,#1089,.T.);
#1096 = CYLINDRICAL_SURFACE('',#1097,0.9);
#1097 = AXIS2_PLACEMENT_3D('',#1098,#1099,#1100);
#1098 = CARTESIAN_POINT('',(32.,4.,-7.2));
#1099 = DIRECTION('',(0.,0.,1.));
#1100 = DIRECTION('',(1.,0.,0.));
#1101 = ADVANCED_FACE('',(#1102),#1121,.F.);
#1102 = FACE_BOUND('',#1103,.F.);
#1103 = EDGE_LOOP('',(#1104,#1113,#1119,#1120));
#1104 = ORIENTED_EDGE('',*,*,#1105,.F.);
#1105 = EDGE_CURVE('',#1106,#1106,#1108,.T.);
#1106 = VERTEX_POINT('',#1107);
#1107 = CARTESIAN_POINT('',(38.9,4.,-4.7));
#1108 = CIRCLE('',#1109,0.9);
#1109 = AXIS2_PLACEMENT_3D('',#1110,#1111,#1112);
#1110 = CARTESIAN_POINT('',(38.,4.,-4.7));
#1111 = DIRECTION('',(0.,0.,1.));
#1112 = DIRECTION('',(1.,0.,0.));
#1113 = ORIENTED_EDGE('',*,*,#1114,.F.);
#1114 = EDGE_CURVE('',#502,#1106,#1115,.T.);
#1115 = LINE('',#1116,#1117);
#1116 = CARTESIAN_POINT('',(38.9,4.,-7.2));
#1117 = VECTOR('',#1118,1.);
#1118 = DIRECTION('',(0.,0.,1.));
#1119 = ORIENTED_EDGE('',*,*,#501,.T.);
#1120 = ORIENTED_EDGE('',*,*,#1114,.T.);
#1121 = CYLINDRICAL_SURFACE('',#1122,0.9);
#1122 = AXIS2_PLACEMENT_3D('',#1123,#1124,#1125);
#1123 = CARTESIAN_POINT('',(38.,4.,-7.2));
#1124 = DIRECTION('',(0.,0.,1.));
#1125 = DIRECTION('',(1.,0.,0.));
#1126 = ADVANCED_FACE('',(#1127),#1146,.F.);
#1127 = FACE_BOUND('',#1128,.F.);
#1128 = EDGE_LOOP('',(#1129,#1137,#1144,#1145));
#1129 = ORIENTED_EDGE('',*,*,#1130,.T.);
#1130 = EDGE_CURVE('',#513,#1131,#1133,.T.);
#1131 = VERTEX_POINT('',#1132);
#1132 = CARTESIAN_POINT('',(77.15,6.,-4.9));
#1133 = LINE('',#1134,#1135);
#1134 = CARTESIAN_POINT('',(77.15,6.,-6.7));
#1135 = VECTOR('',#1136,1.);
#1136 = DIRECTION('',(0.,0.,1.));
#1137 = ORIENTED_EDGE('',*,*,#1138,.F.);
#1138 = EDGE_CURVE('',#1131,#1131,#1139,.T.);
#1139 = CIRCLE('',#1140,2.15);
#1140 = AXIS2_PLACEMENT_3D('',#1141,#1142,#1143);
#1141 = CARTESIAN_POINT('',(75.,6.,-4.9));
#1142 = DIRECTION('',(0.,0.,1.));
#1143 = DIRECTION('',(1.,0.,0.));
#1144 = ORIENTED_EDGE('',*,*,#1130,.F.);
#1145 = ORIENTED_EDGE('',*,*,#512,.T.);
#1146 = CYLINDRICAL_SURFACE('',#1147,2.15);
#1147 = AXIS2_PLACEMENT_3D('',#1148,#1149,#1150);
#1148 = CARTESIAN_POINT('',(75.,6.,-6.7));
#1149 = DIRECTION('',(0.,0.,1.));
#1150 = DIRECTION('',(1.,0.,0.));
#1151 = ADVANCED_FACE('',(#1152),#1171,.F.);
#1152 = FACE_BOUND('',#1153,.F.);
#1153 = EDGE_LOOP('',(#1154,#1162,#1169,#1170));
#1154 = ORIENTED_EDGE('',*,*,#1155,.T.);
#1155 = EDGE_CURVE('',#524,#1156,#1158,.T.);
#1156 = VERTEX_POINT('',#1157);
#1157 = CARTESIAN_POINT('',(7.15,49.,-4.9));
#1158 = LINE('',#1159,#1160);
#1159 = CARTESIAN_POINT('',(7.15,49.,-6.7));
#1160 = VECTOR('',#1161,1.);
#1161 = DIRECTION('',(0.,0.,1.));
#1162 = ORIENTED_EDGE('',*,*,#1163,.F.);
#1163 = EDGE_CURVE('',#1156,#1156,#1164,.T.);
#1164 = CIRCLE('',#1165,2.15);
#1165 = AXIS2_PLACEMENT_3D('',#1166,#1167,#1168);
#1166 = CARTESIAN_POINT('',(5.,49.,-4.9));
#1167 = DIRECTION('',(0.,0.,1.));
#1168 = DIRECTION('',(1.,0.,0.));
#1169 = ORIENTED_EDGE('',*,*,#1155,.F.);
#1170 = ORIENTED_EDGE('',*,*,#523,.T.);
#1171 = CYLINDRICAL_SURFACE('',#1172,2.15);
#1172 = AXIS2_PLACEMENT_3D('',#1173,#1174,#1175);
#1173 = CARTESIAN_POINT('',(5.,49.,-6.7));
#1174 = DIRECTION('',(0.,0.,1.));
#1175 = DIRECTION('',(1.,0.,0.));
#1176 = ADVANCED_FACE('',(#1177),#1196,.F.);
#1177 = FACE_BOUND('',#1178,.F.);
#1178 = EDGE_LOOP('',(#1179,#1187,#1194,#1195));
#1179 = ORIENTED_EDGE('',*,*,#1180,.T.);
#1180 = EDGE_CURVE('',#535,#1181,#1183,.T.);
#1181 = VERTEX_POINT('',#1182);
#1182 = CARTESIAN_POINT('',(77.15,49.,-4.9));
#1183 = LINE('',#1184,#1185);
#1184 = CARTESIAN_POINT('',(77.15,49.,-6.7));
#1185 = VECTOR('',#1186,1.);
#1186 = DIRECTION('',(0.,0.,1.));
#1187 = ORIENTED_EDGE('',*,*,#1188,.F.);
#1188 = EDGE_CURVE('',#1181,#1181,#1189,.T.);
#1189 = CIRCLE('',#1190,2.15);
#1190 = AXIS2_PLACEMENT_3D('',#1191,#1192,#1193);
#1191 = CARTESIAN_POINT('',(75.,49.,-4.9));
#1192 = DIRECTION('',(0.,0.,1.));
#1193 = DIRECTION('',(1.,0.,0.));
#1194 = ORIENTED_EDGE('',*,*,#1180,.F.);
#1195 = ORIENTED_EDGE('',*,*,#534,.T.);
#1196 = CYLINDRICAL_SURFACE('',#1197,2.15);
#1197 = AXIS2_PLACEMENT_3D('',#1198,#1199,#1200);
#1198 = CARTESIAN_POINT('',(75.,49.,-6.7));
#1199 = DIRECTION('',(0.,0.,1.));
#1200 = DIRECTION('',(1.,0.,0.));
#1201 = ADVANCED_FACE('',(#1202),#1213,.T.);
#1202 = FACE_BOUND('',#1203,.F.);
#1203 = EDGE_LOOP('',(#1204,#1210,#1211,#1212));
#1204 = ORIENTED_EDGE('',*,*,#1205,.T.);
#1205 = EDGE_CURVE('',#1015,#902,#1206,.T.);
#1206 = LINE('',#1207,#1208);
#1207 = CARTESIAN_POINT('',(83.,55.8,-6.2));
#1208 = VECTOR('',#1209,1.);
#1209 = DIRECTION('',(0.,0.,1.));
#1210 = ORIENTED_EDGE('',*,*,#909,.T.);
#1211 = ORIENTED_EDGE('',*,*,#595,.F.);
#1212 = ORIENTED_EDGE('',*,*,#1024,.F.);
#1213 = PLANE('',#1214);
#1214 = AXIS2_PLACEMENT_3D('',#1215,#1216,#1217);
#1215 = CARTESIAN_POINT('',(82.4,56.4,-6.2));
#1216 = DIRECTION('',(0.707106781187,0.707106781187,0.));
#1217 = DIRECTION('',(0.,0.,-1.));
#1218 = ADVANCED_FACE('',(#1219),#1239,.T.);
#1219 = FACE_BOUND('',#1220,.T.);
#1220 = EDGE_LOOP('',(#1221,#1222,#1223,#1224,#1225,#1231,#1232,#1238));
#1221 = ORIENTED_EDGE('',*,*,#669,.F.);
#1222 = ORIENTED_EDGE('',*,*,#700,.F.);
#1223 = ORIENTED_EDGE('',*,*,#724,.T.);
#1224 = ORIENTED_EDGE('',*,*,#757,.T.);
#1225 = ORIENTED_EDGE('',*,*,#1226,.F.);
#1226 = EDGE_CURVE('',#776,#750,#1227,.T.);
#1227 = LINE('',#1228,#1229);
#1228 = CARTESIAN_POINT('',(-1.125,-1.,1.6));
#1229 = VECTOR('',#1230,1.);
#1230 = DIRECTION('',(1.,0.,0.));
#1231 = ORIENTED_EDGE('',*,*,#799,.F.);
#1232 = ORIENTED_EDGE('',*,*,#1233,.T.);
#1233 = EDGE_CURVE('',#792,#646,#1234,.T.);
#1234 = LINE('',#1235,#1236);
#1235 = CARTESIAN_POINT('',(-1.125,55.,1.6));
#1236 = VECTOR('',#1237,1.);
#1237 = DIRECTION('',(1.,0.,0.));
#1238 = ORIENTED_EDGE('',*,*,#654,.T.);
#1239 = PLANE('',#1240);
#1240 = AXIS2_PLACEMENT_3D('',#1241,#1242,#1243);
#1241 = CARTESIAN_POINT('',(-1.25,-1.25,1.6));
#1242 = DIRECTION('',(0.,0.,1.));
#1243 = DIRECTION('',(1.,0.,0.));
#1244 = ADVANCED_FACE('',(#1245),#1272,.F.);
#1245 = FACE_BOUND('',#1246,.F.);
#1246 = EDGE_LOOP('',(#1247,#1257,#1263,#1264,#1265,#1266));
#1247 = ORIENTED_EDGE('',*,*,#1248,.F.);
#1248 = EDGE_CURVE('',#1249,#1251,#1253,.T.);
#1249 = VERTEX_POINT('',#1250);
#1250 = CARTESIAN_POINT('',(81.,55.,-4.7));
#1251 = VERTEX_POINT('',#1252);
#1252 = CARTESIAN_POINT('',(81.,55.,1.6));
#1253 = LINE('',#1254,#1255);
#1254 = CARTESIAN_POINT('',(81.,55.,-4.7));
#1255 = VECTOR('',#1256,1.);
#1256 = DIRECTION('',(0.,0.,1.));
#1257 = ORIENTED_EDGE('',*,*,#1258,.F.);
#1258 = EDGE_CURVE('',#784,#1249,#1259,.T.);
#1259 = LINE('',#1260,#1261);
#1260 = CARTESIAN_POINT('',(-1.,55.,-4.7));
#1261 = VECTOR('',#1262,1.);
#1262 = DIRECTION('',(1.,0.,0.));
#1263 = ORIENTED_EDGE('',*,*,#791,.T.);
#1264 = ORIENTED_EDGE('',*,*,#1233,.T.);
#1265 = ORIENTED_EDGE('',*,*,#645,.F.);
#1266 = ORIENTED_EDGE('',*,*,#1267,.T.);
#1267 = EDGE_CURVE('',#638,#1251,#1268,.T.);
#1268 = LINE('',#1269,#1270);
#1269 = CARTESIAN_POINT('',(-1.125,55.,1.6));
#1270 = VECTOR('',#1271,1.);
#1271 = DIRECTION('',(1.,0.,0.));
#1272 = PLANE('',#1273);
#1273 = AXIS2_PLACEMENT_3D('',#1274,#1275,#1276);
#1274 = CARTESIAN_POINT('',(-1.,55.,-4.7));
#1275 = DIRECTION('',(0.,1.,0.));
#1276 = DIRECTION('',(0.,0.,1.));
#1277 = ADVANCED_FACE('',(#1278),#1319,.T.);
#1278 = FACE_BOUND('',#1279,.T.);
#1279 = EDGE_LOOP('',(#1280,#1288,#1289,#1290,#1298,#1304,#1305,#1313));
#1280 = ORIENTED_EDGE('',*,*,#1281,.F.);
#1281 = EDGE_CURVE('',#629,#1282,#1284,.T.);
#1282 = VERTEX_POINT('',#1283);
#1283 = CARTESIAN_POINT('',(81.25,55.25,1.6));
#1284 = LINE('',#1285,#1286);
#1285 = CARTESIAN_POINT('',(-1.25,55.25,1.6));
#1286 = VECTOR('',#1287,1.);
#1287 = DIRECTION('',(1.,0.,0.));
#1288 = ORIENTED_EDGE('',*,*,#637,.F.);
#1289 = ORIENTED_EDGE('',*,*,#1267,.T.);
#1290 = ORIENTED_EDGE('',*,*,#1291,.T.);
#1291 = EDGE_CURVE('',#1251,#1292,#1294,.T.);
#1292 = VERTEX_POINT('',#1293);
#1293 = CARTESIAN_POINT('',(81.,-1.,1.6));
#1294 = LINE('',#1295,#1296);
#1295 = CARTESIAN_POINT('',(81.,-1.125,1.6));
#1296 = VECTOR('',#1297,1.);
#1297 = DIRECTION('',(0.,-1.,0.));
#1298 = ORIENTED_EDGE('',*,*,#1299,.F.);
#1299 = EDGE_CURVE('',#933,#1292,#1300,.T.);
#1300 = LINE('',#1301,#1302);
#1301 = CARTESIAN_POINT('',(-1.125,-1.,1.6));
#1302 = VECTOR('',#1303,1.);
#1303 = DIRECTION('',(1.,0.,0.));
#1304 = ORIENTED_EDGE('',*,*,#940,.F.);
#1305 = ORIENTED_EDGE('',*,*,#1306,.T.);
#1306 = EDGE_CURVE('',#941,#1307,#1309,.T.);
#1307 = VERTEX_POINT('',#1308);
#1308 = CARTESIAN_POINT('',(81.25,-1.25,1.6));
#1309 = LINE('',#1310,#1311);
#1310 = CARTESIAN_POINT('',(-1.25,-1.25,1.6));
#1311 = VECTOR('',#1312,1.);
#1312 = DIRECTION('',(1.,0.,0.));
#1313 = ORIENTED_EDGE('',*,*,#1314,.T.);
#1314 = EDGE_CURVE('',#1307,#1282,#1315,.T.);
#1315 = LINE('',#1316,#1317);
#1316 = CARTESIAN_POINT('',(81.25,-1.25,1.6));
#1317 = VECTOR('',#1318,1.);
#1318 = DIRECTION('',(0.,1.,0.));
#1319 = PLANE('',#1320);
#1320 = AXIS2_PLACEMENT_3D('',#1321,#1322,#1323);
#1321 = CARTESIAN_POINT('',(-1.25,-1.25,1.6));
#1322 = DIRECTION('',(0.,0.,1.));
#1323 = DIRECTION('',(1.,0.,0.));
#1324 = ADVANCED_FACE('',(#1325),#1336,.F.);
#1325 = FACE_BOUND('',#1326,.F.);
#1326 = EDGE_LOOP('',(#1327,#1333,#1334,#1335));
#1327 = ORIENTED_EDGE('',*,*,#1328,.F.);
#1328 = EDGE_CURVE('',#1282,#870,#1329,.T.);
#1329 = LINE('',#1330,#1331);
#1330 = CARTESIAN_POINT('',(81.25,55.25,1.6));
#1331 = VECTOR('',#1332,1.);
#1332 = DIRECTION('',(0.,0.,1.));
#1333 = ORIENTED_EDGE('',*,*,#1281,.F.);
#1334 = ORIENTED_EDGE('',*,*,#628,.F.);
#1335 = ORIENTED_EDGE('',*,*,#869,.F.);
#1336 = PLANE('',#1337);
#1337 = AXIS2_PLACEMENT_3D('',#1338,#1339,#1340);
#1338 = CARTESIAN_POINT('',(-1.25,55.25,1.6));
#1339 = DIRECTION('',(0.,1.,0.));
#1340 = DIRECTION('',(0.,0.,1.));
#1341 = ADVANCED_FACE('',(#1342),#1364,.T.);
#1342 = FACE_BOUND('',#1343,.T.);
#1343 = EDGE_LOOP('',(#1344,#1352,#1358,#1359,#1360,#1361,#1362,#1363));
#1344 = ORIENTED_EDGE('',*,*,#1345,.F.);
#1345 = EDGE_CURVE('',#1346,#1292,#1348,.T.);
#1346 = VERTEX_POINT('',#1347);
#1347 = CARTESIAN_POINT('',(81.,-1.,-4.7));
#1348 = LINE('',#1349,#1350);
#1349 = CARTESIAN_POINT('',(81.,-1.,-4.7));
#1350 = VECTOR('',#1351,1.);
#1351 = DIRECTION('',(0.,0.,1.));
#1352 = ORIENTED_EDGE('',*,*,#1353,.F.);
#1353 = EDGE_CURVE('',#774,#1346,#1354,.T.);
#1354 = LINE('',#1355,#1356);
#1355 = CARTESIAN_POINT('',(-1.,-1.,-4.7));
#1356 = VECTOR('',#1357,1.);
#1357 = DIRECTION('',(1.,0.,0.));
#1358 = ORIENTED_EDGE('',*,*,#773,.T.);
#1359 = ORIENTED_EDGE('',*,*,#1226,.T.);
#1360 = ORIENTED_EDGE('',*,*,#749,.T.);
#1361 = ORIENTED_EDGE('',*,*,#966,.T.);
#1362 = ORIENTED_EDGE('',*,*,#932,.F.);
#1363 = ORIENTED_EDGE('',*,*,#1299,.T.);
#1364 = PLANE('',#1365);
#1365 = AXIS2_PLACEMENT_3D('',#1366,#1367,#1368);
#1366 = CARTESIAN_POINT('',(-1.,-1.,-4.7));
#1367 = DIRECTION('',(0.,1.,0.));
#1368 = DIRECTION('',(0.,0.,1.));
#1369 = ADVANCED_FACE('',(#1370,#1381,#1392,#1395,#1398,#1409,#1420,
    #1518),#1529,.T.);
#1370 = FACE_BOUND('',#1371,.T.);
#1371 = EDGE_LOOP('',(#1372,#1373,#1374,#1380));
#1372 = ORIENTED_EDGE('',*,*,#783,.F.);
#1373 = ORIENTED_EDGE('',*,*,#1353,.T.);
#1374 = ORIENTED_EDGE('',*,*,#1375,.T.);
#1375 = EDGE_CURVE('',#1346,#1249,#1376,.T.);
#1376 = LINE('',#1377,#1378);
#1377 = CARTESIAN_POINT('',(81.,-1.,-4.7));
#1378 = VECTOR('',#1379,1.);
#1379 = DIRECTION('',(0.,1.,0.));
#1380 = ORIENTED_EDGE('',*,*,#1258,.F.);
#1381 = FACE_BOUND('',#1382,.T.);
#1382 = EDGE_LOOP('',(#1383));
#1383 = ORIENTED_EDGE('',*,*,#1384,.F.);
#1384 = EDGE_CURVE('',#1385,#1385,#1387,.T.);
#1385 = VERTEX_POINT('',#1386);
#1386 = CARTESIAN_POINT('',(7.6,6.,-4.7));
#1387 = CIRCLE('',#1388,2.6);
#1388 = AXIS2_PLACEMENT_3D('',#1389,#1390,#1391);
#1389 = CARTESIAN_POINT('',(5.,6.,-4.7));
#1390 = DIRECTION('',(0.,0.,1.));
#1391 = DIRECTION('',(1.,0.,0.));
#1392 = FACE_BOUND('',#1393,.T.);
#1393 = EDGE_LOOP('',(#1394));
#1394 = ORIENTED_EDGE('',*,*,#1080,.F.);
#1395 = FACE_BOUND('',#1396,.T.);
#1396 = EDGE_LOOP('',(#1397));
#1397 = ORIENTED_EDGE('',*,*,#1105,.F.);
#1398 = FACE_BOUND('',#1399,.T.);
#1399 = EDGE_LOOP('',(#1400));
#1400 = ORIENTED_EDGE('',*,*,#1401,.F.);
#1401 = EDGE_CURVE('',#1402,#1402,#1404,.T.);
#1402 = VERTEX_POINT('',#1403);
#1403 = CARTESIAN_POINT('',(77.6,6.,-4.7));
#1404 = CIRCLE('',#1405,2.6);
#1405 = AXIS2_PLACEMENT_3D('',#1406,#1407,#1408);
#1406 = CARTESIAN_POINT('',(75.,6.,-4.7));
#1407 = DIRECTION('',(0.,0.,1.));
#1408 = DIRECTION('',(1.,0.,0.));
#1409 = FACE_BOUND('',#1410,.T.);
#1410 = EDGE_LOOP('',(#1411));
#1411 = ORIENTED_EDGE('',*,*,#1412,.F.);
#1412 = EDGE_CURVE('',#1413,#1413,#1415,.T.);
#1413 = VERTEX_POINT('',#1414);
#1414 = CARTESIAN_POINT('',(7.6,49.,-4.7));
#1415 = CIRCLE('',#1416,2.6);
#1416 = AXIS2_PLACEMENT_3D('',#1417,#1418,#1419);
#1417 = CARTESIAN_POINT('',(5.,49.,-4.7));
#1418 = DIRECTION('',(0.,0.,1.));
#1419 = DIRECTION('',(1.,0.,0.));
#1420 = FACE_BOUND('',#1421,.T.);
#1421 = EDGE_LOOP('',(#1422,#1432,#1440,#1448,#1456,#1464,#1472,#1480,
    #1488,#1496,#1504,#1512));
#1422 = ORIENTED_EDGE('',*,*,#1423,.F.);
#1423 = EDGE_CURVE('',#1424,#1426,#1428,.T.);
#1424 = VERTEX_POINT('',#1425);
#1425 = CARTESIAN_POINT('',(21.5,14.5,-4.7));
#1426 = VERTEX_POINT('',#1427);
#1427 = CARTESIAN_POINT('',(58.5,14.5,-4.7));
#1428 = LINE('',#1429,#1430);
#1429 = CARTESIAN_POINT('',(21.5,14.5,-4.7));
#1430 = VECTOR('',#1431,1.);
#1431 = DIRECTION('',(1.,0.,0.));
#1432 = ORIENTED_EDGE('',*,*,#1433,.T.);
#1433 = EDGE_CURVE('',#1424,#1434,#1436,.T.);
#1434 = VERTEX_POINT('',#1435);
#1435 = CARTESIAN_POINT('',(21.5,16.,-4.7));
#1436 = LINE('',#1437,#1438);
#1437 = CARTESIAN_POINT('',(21.5,14.5,-4.7));
#1438 = VECTOR('',#1439,1.);
#1439 = DIRECTION('',(0.,1.,0.));
#1440 = ORIENTED_EDGE('',*,*,#1441,.F.);
#1441 = EDGE_CURVE('',#1442,#1434,#1444,.T.);
#1442 = VERTEX_POINT('',#1443);
#1443 = CARTESIAN_POINT('',(20.,16.,-4.7));
#1444 = LINE('',#1445,#1446);
#1445 = CARTESIAN_POINT('',(20.,16.,-4.7));
#1446 = VECTOR('',#1447,1.);
#1447 = DIRECTION('',(1.,0.,0.));
#1448 = ORIENTED_EDGE('',*,*,#1449,.T.);
#1449 = EDGE_CURVE('',#1442,#1450,#1452,.T.);
#1450 = VERTEX_POINT('',#1451);
#1451 = CARTESIAN_POINT('',(20.,42.,-4.7));
#1452 = LINE('',#1453,#1454);
#1453 = CARTESIAN_POINT('',(20.,16.,-4.7));
#1454 = VECTOR('',#1455,1.);
#1455 = DIRECTION('',(0.,1.,0.));
#1456 = ORIENTED_EDGE('',*,*,#1457,.T.);
#1457 = EDGE_CURVE('',#1450,#1458,#1460,.T.);
#1458 = VERTEX_POINT('',#1459);
#1459 = CARTESIAN_POINT('',(21.5,42.,-4.7));
#1460 = LINE('',#1461,#1462);
#1461 = CARTESIAN_POINT('',(20.,42.,-4.7));
#1462 = VECTOR('',#1463,1.);
#1463 = DIRECTION('',(1.,0.,0.));
#1464 = ORIENTED_EDGE('',*,*,#1465,.T.);
#1465 = EDGE_CURVE('',#1458,#1466,#1468,.T.);
#1466 = VERTEX_POINT('',#1467);
#1467 = CARTESIAN_POINT('',(21.5,43.5,-4.7));
#1468 = LINE('',#1469,#1470);
#1469 = CARTESIAN_POINT('',(21.5,42.,-4.7));
#1470 = VECTOR('',#1471,1.);
#1471 = DIRECTION('',(0.,1.,0.));
#1472 = ORIENTED_EDGE('',*,*,#1473,.T.);
#1473 = EDGE_CURVE('',#1466,#1474,#1476,.T.);
#1474 = VERTEX_POINT('',#1475);
#1475 = CARTESIAN_POINT('',(58.5,43.5,-4.7));
#1476 = LINE('',#1477,#1478);
#1477 = CARTESIAN_POINT('',(21.5,43.5,-4.7));
#1478 = VECTOR('',#1479,1.);
#1479 = DIRECTION('',(1.,0.,0.));
#1480 = ORIENTED_EDGE('',*,*,#1481,.F.);
#1481 = EDGE_CURVE('',#1482,#1474,#1484,.T.);
#1482 = VERTEX_POINT('',#1483);
#1483 = CARTESIAN_POINT('',(58.5,42.,-4.7));
#1484 = LINE('',#1485,#1486);
#1485 = CARTESIAN_POINT('',(58.5,42.,-4.7));
#1486 = VECTOR('',#1487,1.);
#1487 = DIRECTION('',(0.,1.,0.));
#1488 = ORIENTED_EDGE('',*,*,#1489,.T.);
#1489 = EDGE_CURVE('',#1482,#1490,#1492,.T.);
#1490 = VERTEX_POINT('',#1491);
#1491 = CARTESIAN_POINT('',(60.,42.,-4.7));
#1492 = LINE('',#1493,#1494);
#1493 = CARTESIAN_POINT('',(58.5,42.,-4.7));
#1494 = VECTOR('',#1495,1.);
#1495 = DIRECTION('',(1.,0.,0.));
#1496 = ORIENTED_EDGE('',*,*,#1497,.F.);
#1497 = EDGE_CURVE('',#1498,#1490,#1500,.T.);
#1498 = VERTEX_POINT('',#1499);
#1499 = CARTESIAN_POINT('',(60.,16.,-4.7));
#1500 = LINE('',#1501,#1502);
#1501 = CARTESIAN_POINT('',(60.,16.,-4.7));
#1502 = VECTOR('',#1503,1.);
#1503 = DIRECTION('',(0.,1.,0.));
#1504 = ORIENTED_EDGE('',*,*,#1505,.F.);
#1505 = EDGE_CURVE('',#1506,#1498,#1508,.T.);
#1506 = VERTEX_POINT('',#1507);
#1507 = CARTESIAN_POINT('',(58.5,16.,-4.7));
#1508 = LINE('',#1509,#1510);
#1509 = CARTESIAN_POINT('',(58.5,16.,-4.7));
#1510 = VECTOR('',#1511,1.);
#1511 = DIRECTION('',(1.,0.,0.));
#1512 = ORIENTED_EDGE('',*,*,#1513,.F.);
#1513 = EDGE_CURVE('',#1426,#1506,#1514,.T.);
#1514 = LINE('',#1515,#1516);
#1515 = CARTESIAN_POINT('',(58.5,14.5,-4.7));
#1516 = VECTOR('',#1517,1.);
#1517 = DIRECTION('',(0.,1.,0.));
#1518 = FACE_BOUND('',#1519,.T.);
#1519 = EDGE_LOOP('',(#1520));
#1520 = ORIENTED_EDGE('',*,*,#1521,.F.);
#1521 = EDGE_CURVE('',#1522,#1522,#1524,.T.);
#1522 = VERTEX_POINT('',#1523);
#1523 = CARTESIAN_POINT('',(77.6,49.,-4.7));
#1524 = CIRCLE('',#1525,2.6);
#1525 = AXIS2_PLACEMENT_3D('',#1526,#1527,#1528);
#1526 = CARTESIAN_POINT('',(75.,49.,-4.7));
#1527 = DIRECTION('',(0.,0.,1.));
#1528 = DIRECTION('',(1.,0.,0.));
#1529 = PLANE('',#1530);
#1530 = AXIS2_PLACEMENT_3D('',#1531,#1532,#1533);
#1531 = CARTESIAN_POINT('',(-1.,-1.,-4.7));
#1532 = DIRECTION('',(0.,0.,1.));
#1533 = DIRECTION('',(1.,0.,0.));
#1534 = ADVANCED_FACE('',(#1535),#1541,.T.);
#1535 = FACE_BOUND('',#1536,.T.);
#1536 = EDGE_LOOP('',(#1537,#1538,#1539,#1540));
#1537 = ORIENTED_EDGE('',*,*,#836,.F.);
#1538 = ORIENTED_EDGE('',*,*,#1041,.T.);
#1539 = ORIENTED_EDGE('',*,*,#1205,.T.);
#1540 = ORIENTED_EDGE('',*,*,#901,.F.);
#1541 = PLANE('',#1542);
#1542 = AXIS2_PLACEMENT_3D('',#1543,#1544,#1545);
#1543 = CARTESIAN_POINT('',(83.,-3.,-6.2));
#1544 = DIRECTION('',(1.,0.,0.));
#1545 = DIRECTION('',(0.,0.,1.));
#1546 = ADVANCED_FACE('',(#1547),#1558,.T.);
#1547 = FACE_BOUND('',#1548,.T.);
#1548 = EDGE_LOOP('',(#1549,#1555,#1556,#1557));
#1549 = ORIENTED_EDGE('',*,*,#1550,.F.);
#1550 = EDGE_CURVE('',#1307,#878,#1551,.T.);
#1551 = LINE('',#1552,#1553);
#1552 = CARTESIAN_POINT('',(81.25,-1.25,1.6));
#1553 = VECTOR('',#1554,1.);
#1554 = DIRECTION('',(0.,0.,1.));
#1555 = ORIENTED_EDGE('',*,*,#1306,.F.);
#1556 = ORIENTED_EDGE('',*,*,#948,.F.);
#1557 = ORIENTED_EDGE('',*,*,#885,.F.);
#1558 = PLANE('',#1559);
#1559 = AXIS2_PLACEMENT_3D('',#1560,#1561,#1562);
#1560 = CARTESIAN_POINT('',(-1.25,-1.25,1.6));
#1561 = DIRECTION('',(0.,1.,0.));
#1562 = DIRECTION('',(0.,0.,1.));
#1563 = ADVANCED_FACE('',(#1564),#1570,.F.);
#1564 = FACE_BOUND('',#1565,.F.);
#1565 = EDGE_LOOP('',(#1566,#1567,#1568,#1569));
#1566 = ORIENTED_EDGE('',*,*,#1550,.F.);
#1567 = ORIENTED_EDGE('',*,*,#1314,.T.);
#1568 = ORIENTED_EDGE('',*,*,#1328,.T.);
#1569 = ORIENTED_EDGE('',*,*,#877,.F.);
#1570 = PLANE('',#1571);
#1571 = AXIS2_PLACEMENT_3D('',#1572,#1573,#1574);
#1572 = CARTESIAN_POINT('',(81.25,-1.25,1.6));
#1573 = DIRECTION('',(1.,0.,0.));
#1574 = DIRECTION('',(0.,0.,1.));
#1575 = ADVANCED_FACE('',(#1576,#1579),#1590,.F.);
#1576 = FACE_BOUND('',#1577,.F.);
#1577 = EDGE_LOOP('',(#1578));
#1578 = ORIENTED_EDGE('',*,*,#1063,.T.);
#1579 = FACE_BOUND('',#1580,.F.);
#1580 = EDGE_LOOP('',(#1581));
#1581 = ORIENTED_EDGE('',*,*,#1582,.F.);
#1582 = EDGE_CURVE('',#1583,#1583,#1585,.T.);
#1583 = VERTEX_POINT('',#1584);
#1584 = CARTESIAN_POINT('',(6.25,6.,-4.9));
#1585 = CIRCLE('',#1586,1.25);
#1586 = AXIS2_PLACEMENT_3D('',#1587,#1588,#1589);
#1587 = CARTESIAN_POINT('',(5.,6.,-4.9));
#1588 = DIRECTION('',(0.,0.,1.));
#1589 = DIRECTION('',(1.,0.,0.));
#1590 = PLANE('',#1591);
#1591 = AXIS2_PLACEMENT_3D('',#1592,#1593,#1594);
#1592 = CARTESIAN_POINT('',(5.,6.,-4.9));
#1593 = DIRECTION('',(0.,0.,1.));
#1594 = DIRECTION('',(1.,0.,0.));
#1595 = ADVANCED_FACE('',(#1596,#1599),#1610,.F.);
#1596 = FACE_BOUND('',#1597,.F.);
#1597 = EDGE_LOOP('',(#1598));
#1598 = ORIENTED_EDGE('',*,*,#1138,.T.);
#1599 = FACE_BOUND('',#1600,.F.);
#1600 = EDGE_LOOP('',(#1601));
#1601 = ORIENTED_EDGE('',*,*,#1602,.F.);
#1602 = EDGE_CURVE('',#1603,#1603,#1605,.T.);
#1603 = VERTEX_POINT('',#1604);
#1604 = CARTESIAN_POINT('',(76.25,6.,-4.9));
#1605 = CIRCLE('',#1606,1.25);
#1606 = AXIS2_PLACEMENT_3D('',#1607,#1608,#1609);
#1607 = CARTESIAN_POINT('',(75.,6.,-4.9));
#1608 = DIRECTION('',(0.,0.,1.));
#1609 = DIRECTION('',(1.,0.,0.));
#1610 = PLANE('',#1611);
#1611 = AXIS2_PLACEMENT_3D('',#1612,#1613,#1614);
#1612 = CARTESIAN_POINT('',(75.,6.,-4.9));
#1613 = DIRECTION('',(0.,0.,1.));
#1614 = DIRECTION('',(1.,0.,0.));
#1615 = ADVANCED_FACE('',(#1616,#1619),#1630,.F.);
#1616 = FACE_BOUND('',#1617,.F.);
#1617 = EDGE_LOOP('',(#1618));
#1618 = ORIENTED_EDGE('',*,*,#1163,.T.);
#1619 = FACE_BOUND('',#1620,.F.);
#1620 = EDGE_LOOP('',(#1621));
#1621 = ORIENTED_EDGE('',*,*,#1622,.F.);
#1622 = EDGE_CURVE('',#1623,#1623,#1625,.T.);
#1623 = VERTEX_POINT('',#1624);
#1624 = CARTESIAN_POINT('',(6.25,49.,-4.9));
#1625 = CIRCLE('',#1626,1.25);
#1626 = AXIS2_PLACEMENT_3D('',#1627,#1628,#1629);
#1627 = CARTESIAN_POINT('',(5.,49.,-4.9));
#1628 = DIRECTION('',(0.,0.,1.));
#1629 = DIRECTION('',(1.,0.,0.));
#1630 = PLANE('',#1631);
#1631 = AXIS2_PLACEMENT_3D('',#1632,#1633,#1634);
#1632 = CARTESIAN_POINT('',(5.,49.,-4.9));
#1633 = DIRECTION('',(0.,0.,1.));
#1634 = DIRECTION('',(1.,0.,0.));
#1635 = ADVANCED_FACE('',(#1636,#1639),#1650,.F.);
#1636 = FACE_BOUND('',#1637,.F.);
#1637 = EDGE_LOOP('',(#1638));
#1638 = ORIENTED_EDGE('',*,*,#1188,.T.);
#1639 = FACE_BOUND('',#1640,.F.);
#1640 = EDGE_LOOP('',(#1641));
#1641 = ORIENTED_EDGE('',*,*,#1642,.F.);
#1642 = EDGE_CURVE('',#1643,#1643,#1645,.T.);
#1643 = VERTEX_POINT('',#1644);
#1644 = CARTESIAN_POINT('',(76.25,49.,-4.9));
#1645 = CIRCLE('',#1646,1.25);
#1646 = AXIS2_PLACEMENT_3D('',#1647,#1648,#1649);
#1647 = CARTESIAN_POINT('',(75.,49.,-4.9));
#1648 = DIRECTION('',(0.,0.,1.));
#1649 = DIRECTION('',(1.,0.,0.));
#1650 = PLANE('',#1651);
#1651 = AXIS2_PLACEMENT_3D('',#1652,#1653,#1654);
#1652 = CARTESIAN_POINT('',(75.,49.,-4.9));
#1653 = DIRECTION('',(0.,0.,1.));
#1654 = DIRECTION('',(1.,0.,0.));
#1655 = ADVANCED_FACE('',(#1656),#1662,.F.);
#1656 = FACE_BOUND('',#1657,.F.);
#1657 = EDGE_LOOP('',(#1658,#1659,#1660,#1661));
#1658 = ORIENTED_EDGE('',*,*,#1345,.F.);
#1659 = ORIENTED_EDGE('',*,*,#1375,.T.);
#1660 = ORIENTED_EDGE('',*,*,#1248,.T.);
#1661 = ORIENTED_EDGE('',*,*,#1291,.T.);
#1662 = PLANE('',#1663);
#1663 = AXIS2_PLACEMENT_3D('',#1664,#1665,#1666);
#1664 = CARTESIAN_POINT('',(81.,-1.,-4.7));
#1665 = DIRECTION('',(1.,0.,0.));
#1666 = DIRECTION('',(0.,0.,1.));
#1667 = ADVANCED_FACE('',(#1668),#1687,.T.);
#1668 = FACE_BOUND('',#1669,.T.);
#1669 = EDGE_LOOP('',(#1670,#1679,#1685,#1686));
#1670 = ORIENTED_EDGE('',*,*,#1671,.F.);
#1671 = EDGE_CURVE('',#1672,#1672,#1674,.T.);
#1672 = VERTEX_POINT('',#1673);
#1673 = CARTESIAN_POINT('',(7.6,6.,0.));
#1674 = CIRCLE('',#1675,2.6);
#1675 = AXIS2_PLACEMENT_3D('',#1676,#1677,#1678);
#1676 = CARTESIAN_POINT('',(5.,6.,0.));
#1677 = DIRECTION('',(0.,0.,1.));
#1678 = DIRECTION('',(1.,0.,0.));
#1679 = ORIENTED_EDGE('',*,*,#1680,.F.);
#1680 = EDGE_CURVE('',#1385,#1672,#1681,.T.);
#1681 = LINE('',#1682,#1683);
#1682 = CARTESIAN_POINT('',(7.6,6.,-4.7));
#1683 = VECTOR('',#1684,1.);
#1684 = DIRECTION('',(0.,0.,1.));
#1685 = ORIENTED_EDGE('',*,*,#1384,.T.);
#1686 = ORIENTED_EDGE('',*,*,#1680,.T.);
#1687 = CYLINDRICAL_SURFACE('',#1688,2.6);
#1688 = AXIS2_PLACEMENT_3D('',#1689,#1690,#1691);
#1689 = CARTESIAN_POINT('',(5.,6.,-4.7));
#1690 = DIRECTION('',(0.,0.,1.));
#1691 = DIRECTION('',(1.,0.,0.));
#1692 = ADVANCED_FACE('',(#1693),#1712,.T.);
#1693 = FACE_BOUND('',#1694,.T.);
#1694 = EDGE_LOOP('',(#1695,#1704,#1710,#1711));
#1695 = ORIENTED_EDGE('',*,*,#1696,.F.);
#1696 = EDGE_CURVE('',#1697,#1697,#1699,.T.);
#1697 = VERTEX_POINT('',#1698);
#1698 = CARTESIAN_POINT('',(77.6,6.,0.));
#1699 = CIRCLE('',#1700,2.6);
#1700 = AXIS2_PLACEMENT_3D('',#1701,#1702,#1703);
#1701 = CARTESIAN_POINT('',(75.,6.,0.));
#1702 = DIRECTION('',(0.,0.,1.));
#1703 = DIRECTION('',(1.,0.,0.));
#1704 = ORIENTED_EDGE('',*,*,#1705,.F.);
#1705 = EDGE_CURVE('',#1402,#1697,#1706,.T.);
#1706 = LINE('',#1707,#1708);
#1707 = CARTESIAN_POINT('',(77.6,6.,-4.7));
#1708 = VECTOR('',#1709,1.);
#1709 = DIRECTION('',(0.,0.,1.));
#1710 = ORIENTED_EDGE('',*,*,#1401,.T.);
#1711 = ORIENTED_EDGE('',*,*,#1705,.T.);
#1712 = CYLINDRICAL_SURFACE('',#1713,2.6);
#1713 = AXIS2_PLACEMENT_3D('',#1714,#1715,#1716);
#1714 = CARTESIAN_POINT('',(75.,6.,-4.7));
#1715 = DIRECTION('',(0.,0.,1.));
#1716 = DIRECTION('',(1.,0.,0.));
#1717 = ADVANCED_FACE('',(#1718),#1737,.T.);
#1718 = FACE_BOUND('',#1719,.T.);
#1719 = EDGE_LOOP('',(#1720,#1729,#1735,#1736));
#1720 = ORIENTED_EDGE('',*,*,#1721,.F.);
#1721 = EDGE_CURVE('',#1722,#1722,#1724,.T.);
#1722 = VERTEX_POINT('',#1723);
#1723 = CARTESIAN_POINT('',(7.6,49.,0.));
#1724 = CIRCLE('',#1725,2.6);
#1725 = AXIS2_PLACEMENT_3D('',#1726,#1727,#1728);
#1726 = CARTESIAN_POINT('',(5.,49.,0.));
#1727 = DIRECTION('',(0.,0.,1.));
#1728 = DIRECTION('',(1.,0.,0.));
#1729 = ORIENTED_EDGE('',*,*,#1730,.F.);
#1730 = EDGE_CURVE('',#1413,#1722,#1731,.T.);
#1731 = LINE('',#1732,#1733);
#1732 = CARTESIAN_POINT('',(7.6,49.,-4.7));
#1733 = VECTOR('',#1734,1.);
#1734 = DIRECTION('',(0.,0.,1.));
#1735 = ORIENTED_EDGE('',*,*,#1412,.T.);
#1736 = ORIENTED_EDGE('',*,*,#1730,.T.);
#1737 = CYLINDRICAL_SURFACE('',#1738,2.6);
#1738 = AXIS2_PLACEMENT_3D('',#1739,#1740,#1741);
#1739 = CARTESIAN_POINT('',(5.,49.,-4.7));
#1740 = DIRECTION('',(0.,0.,1.));
#1741 = DIRECTION('',(1.,0.,0.));
#1742 = ADVANCED_FACE('',(#1743),#1768,.F.);
#1743 = FACE_BOUND('',#1744,.F.);
#1744 = EDGE_LOOP('',(#1745,#1746,#1754,#1762));
#1745 = ORIENTED_EDGE('',*,*,#1423,.F.);
#1746 = ORIENTED_EDGE('',*,*,#1747,.T.);
#1747 = EDGE_CURVE('',#1424,#1748,#1750,.T.);
#1748 = VERTEX_POINT('',#1749);
#1749 = CARTESIAN_POINT('',(21.5,14.5,-2.));
#1750 = LINE('',#1751,#1752);
#1751 = CARTESIAN_POINT('',(21.5,14.5,-4.7));
#1752 = VECTOR('',#1753,1.);
#1753 = DIRECTION('',(0.,0.,1.));
#1754 = ORIENTED_EDGE('',*,*,#1755,.T.);
#1755 = EDGE_CURVE('',#1748,#1756,#1758,.T.);
#1756 = VERTEX_POINT('',#1757);
#1757 = CARTESIAN_POINT('',(58.5,14.5,-2.));
#1758 = LINE('',#1759,#1760);
#1759 = CARTESIAN_POINT('',(21.5,14.5,-2.));
#1760 = VECTOR('',#1761,1.);
#1761 = DIRECTION('',(1.,0.,0.));
#1762 = ORIENTED_EDGE('',*,*,#1763,.F.);
#1763 = EDGE_CURVE('',#1426,#1756,#1764,.T.);
#1764 = LINE('',#1765,#1766);
#1765 = CARTESIAN_POINT('',(58.5,14.5,-4.7));
#1766 = VECTOR('',#1767,1.);
#1767 = DIRECTION('',(0.,0.,1.));
#1768 = PLANE('',#1769);
#1769 = AXIS2_PLACEMENT_3D('',#1770,#1771,#1772);
#1770 = CARTESIAN_POINT('',(21.5,14.5,-4.7));
#1771 = DIRECTION('',(0.,1.,0.));
#1772 = DIRECTION('',(0.,0.,1.));
#1773 = ADVANCED_FACE('',(#1774),#1792,.F.);
#1774 = FACE_BOUND('',#1775,.F.);
#1775 = EDGE_LOOP('',(#1776,#1777,#1778,#1786));
#1776 = ORIENTED_EDGE('',*,*,#1747,.F.);
#1777 = ORIENTED_EDGE('',*,*,#1433,.T.);
#1778 = ORIENTED_EDGE('',*,*,#1779,.T.);
#1779 = EDGE_CURVE('',#1434,#1780,#1782,.T.);
#1780 = VERTEX_POINT('',#1781);
#1781 = CARTESIAN_POINT('',(21.5,16.,-2.));
#1782 = LINE('',#1783,#1784);
#1783 = CARTESIAN_POINT('',(21.5,16.,-4.7));
#1784 = VECTOR('',#1785,1.);
#1785 = DIRECTION('',(0.,0.,1.));
#1786 = ORIENTED_EDGE('',*,*,#1787,.F.);
#1787 = EDGE_CURVE('',#1748,#1780,#1788,.T.);
#1788 = LINE('',#1789,#1790);
#1789 = CARTESIAN_POINT('',(21.5,14.5,-2.));
#1790 = VECTOR('',#1791,1.);
#1791 = DIRECTION('',(0.,1.,0.));
#1792 = PLANE('',#1793);
#1793 = AXIS2_PLACEMENT_3D('',#1794,#1795,#1796);
#1794 = CARTESIAN_POINT('',(21.5,14.5,-4.7));
#1795 = DIRECTION('',(1.,0.,0.));
#1796 = DIRECTION('',(0.,0.,1.));
#1797 = ADVANCED_FACE('',(#1798),#1816,.T.);
#1798 = FACE_BOUND('',#1799,.T.);
#1799 = EDGE_LOOP('',(#1800,#1801,#1802,#1810));
#1800 = ORIENTED_EDGE('',*,*,#1763,.F.);
#1801 = ORIENTED_EDGE('',*,*,#1513,.T.);
#1802 = ORIENTED_EDGE('',*,*,#1803,.T.);
#1803 = EDGE_CURVE('',#1506,#1804,#1806,.T.);
#1804 = VERTEX_POINT('',#1805);
#1805 = CARTESIAN_POINT('',(58.5,16.,-2.));
#1806 = LINE('',#1807,#1808);
#1807 = CARTESIAN_POINT('',(58.5,16.,-4.7));
#1808 = VECTOR('',#1809,1.);
#1809 = DIRECTION('',(0.,0.,1.));
#1810 = ORIENTED_EDGE('',*,*,#1811,.F.);
#1811 = EDGE_CURVE('',#1756,#1804,#1812,.T.);
#1812 = LINE('',#1813,#1814);
#1813 = CARTESIAN_POINT('',(58.5,14.5,-2.));
#1814 = VECTOR('',#1815,1.);
#1815 = DIRECTION('',(0.,1.,0.));
#1816 = PLANE('',#1817);
#1817 = AXIS2_PLACEMENT_3D('',#1818,#1819,#1820);
#1818 = CARTESIAN_POINT('',(58.5,14.5,-4.7));
#1819 = DIRECTION('',(1.,0.,0.));
#1820 = DIRECTION('',(0.,0.,1.));
#1821 = ADVANCED_FACE('',(#1822),#1840,.F.);
#1822 = FACE_BOUND('',#1823,.F.);
#1823 = EDGE_LOOP('',(#1824,#1825,#1833,#1839));
#1824 = ORIENTED_EDGE('',*,*,#1441,.F.);
#1825 = ORIENTED_EDGE('',*,*,#1826,.T.);
#1826 = EDGE_CURVE('',#1442,#1827,#1829,.T.);
#1827 = VERTEX_POINT('',#1828);
#1828 = CARTESIAN_POINT('',(20.,16.,-2.));
#1829 = LINE('',#1830,#1831);
#1830 = CARTESIAN_POINT('',(20.,16.,-4.7));
#1831 = VECTOR('',#1832,1.);
#1832 = DIRECTION('',(0.,0.,1.));
#1833 = ORIENTED_EDGE('',*,*,#1834,.T.);
#1834 = EDGE_CURVE('',#1827,#1780,#1835,.T.);
#1835 = LINE('',#1836,#1837);
#1836 = CARTESIAN_POINT('',(20.,16.,-2.));
#1837 = VECTOR('',#1838,1.);
#1838 = DIRECTION('',(1.,0.,0.));
#1839 = ORIENTED_EDGE('',*,*,#1779,.F.);
#1840 = PLANE('',#1841);
#1841 = AXIS2_PLACEMENT_3D('',#1842,#1843,#1844);
#1842 = CARTESIAN_POINT('',(20.,16.,-4.7));
#1843 = DIRECTION('',(0.,1.,0.));
#1844 = DIRECTION('',(0.,0.,1.));
#1845 = ADVANCED_FACE('',(#1846),#1864,.F.);
#1846 = FACE_BOUND('',#1847,.F.);
#1847 = EDGE_LOOP('',(#1848,#1849,#1850,#1858));
#1848 = ORIENTED_EDGE('',*,*,#1505,.F.);
#1849 = ORIENTED_EDGE('',*,*,#1803,.T.);
#1850 = ORIENTED_EDGE('',*,*,#1851,.T.);
#1851 = EDGE_CURVE('',#1804,#1852,#1854,.T.);
#1852 = VERTEX_POINT('',#1853);
#1853 = CARTESIAN_POINT('',(60.,16.,-2.));
#1854 = LINE('',#1855,#1856);
#1855 = CARTESIAN_POINT('',(58.5,16.,-2.));
#1856 = VECTOR('',#1857,1.);
#1857 = DIRECTION('',(1.,0.,0.));
#1858 = ORIENTED_EDGE('',*,*,#1859,.F.);
#1859 = EDGE_CURVE('',#1498,#1852,#1860,.T.);
#1860 = LINE('',#1861,#1862);
#1861 = CARTESIAN_POINT('',(60.,16.,-4.7));
#1862 = VECTOR('',#1863,1.);
#1863 = DIRECTION('',(0.,0.,1.));
#1864 = PLANE('',#1865);
#1865 = AXIS2_PLACEMENT_3D('',#1866,#1867,#1868);
#1866 = CARTESIAN_POINT('',(58.5,16.,-4.7));
#1867 = DIRECTION('',(0.,1.,0.));
#1868 = DIRECTION('',(0.,0.,1.));
#1869 = ADVANCED_FACE('',(#1870),#1888,.F.);
#1870 = FACE_BOUND('',#1871,.F.);
#1871 = EDGE_LOOP('',(#1872,#1873,#1874,#1882));
#1872 = ORIENTED_EDGE('',*,*,#1826,.F.);
#1873 = ORIENTED_EDGE('',*,*,#1449,.T.);
#1874 = ORIENTED_EDGE('',*,*,#1875,.T.);
#1875 = EDGE_CURVE('',#1450,#1876,#1878,.T.);
#1876 = VERTEX_POINT('',#1877);
#1877 = CARTESIAN_POINT('',(20.,42.,-2.));
#1878 = LINE('',#1879,#1880);
#1879 = CARTESIAN_POINT('',(20.,42.,-4.7));
#1880 = VECTOR('',#1881,1.);
#1881 = DIRECTION('',(0.,0.,1.));
#1882 = ORIENTED_EDGE('',*,*,#1883,.F.);
#1883 = EDGE_CURVE('',#1827,#1876,#1884,.T.);
#1884 = LINE('',#1885,#1886);
#1885 = CARTESIAN_POINT('',(20.,16.,-2.));
#1886 = VECTOR('',#1887,1.);
#1887 = DIRECTION('',(0.,1.,0.));
#1888 = PLANE('',#1889);
#1889 = AXIS2_PLACEMENT_3D('',#1890,#1891,#1892);
#1890 = CARTESIAN_POINT('',(20.,16.,-4.7));
#1891 = DIRECTION('',(1.,0.,0.));
#1892 = DIRECTION('',(0.,0.,1.));
#1893 = ADVANCED_FACE('',(#1894),#1912,.T.);
#1894 = FACE_BOUND('',#1895,.T.);
#1895 = EDGE_LOOP('',(#1896,#1897,#1898,#1906));
#1896 = ORIENTED_EDGE('',*,*,#1859,.F.);
#1897 = ORIENTED_EDGE('',*,*,#1497,.T.);
#1898 = ORIENTED_EDGE('',*,*,#1899,.T.);
#1899 = EDGE_CURVE('',#1490,#1900,#1902,.T.);
#1900 = VERTEX_POINT('',#1901);
#1901 = CARTESIAN_POINT('',(60.,42.,-2.));
#1902 = LINE('',#1903,#1904);
#1903 = CARTESIAN_POINT('',(60.,42.,-4.7));
#1904 = VECTOR('',#1905,1.);
#1905 = DIRECTION('',(0.,0.,1.));
#1906 = ORIENTED_EDGE('',*,*,#1907,.F.);
#1907 = EDGE_CURVE('',#1852,#1900,#1908,.T.);
#1908 = LINE('',#1909,#1910);
#1909 = CARTESIAN_POINT('',(60.,16.,-2.));
#1910 = VECTOR('',#1911,1.);
#1911 = DIRECTION('',(0.,1.,0.));
#1912 = PLANE('',#1913);
#1913 = AXIS2_PLACEMENT_3D('',#1914,#1915,#1916);
#1914 = CARTESIAN_POINT('',(60.,16.,-4.7));
#1915 = DIRECTION('',(1.,0.,0.));
#1916 = DIRECTION('',(0.,0.,1.));
#1917 = ADVANCED_FACE('',(#1918),#1936,.T.);
#1918 = FACE_BOUND('',#1919,.T.);
#1919 = EDGE_LOOP('',(#1920,#1921,#1922,#1930));
#1920 = ORIENTED_EDGE('',*,*,#1457,.F.);
#1921 = ORIENTED_EDGE('',*,*,#1875,.T.);
#1922 = ORIENTED_EDGE('',*,*,#1923,.T.);
#1923 = EDGE_CURVE('',#1876,#1924,#1926,.T.);
#1924 = VERTEX_POINT('',#1925);
#1925 = CARTESIAN_POINT('',(21.5,42.,-2.));
#1926 = LINE('',#1927,#1928);
#1927 = CARTESIAN_POINT('',(20.,42.,-2.));
#1928 = VECTOR('',#1929,1.);
#1929 = DIRECTION('',(1.,0.,0.));
#1930 = ORIENTED_EDGE('',*,*,#1931,.F.);
#1931 = EDGE_CURVE('',#1458,#1924,#1932,.T.);
#1932 = LINE('',#1933,#1934);
#1933 = CARTESIAN_POINT('',(21.5,42.,-4.7));
#1934 = VECTOR('',#1935,1.);
#1935 = DIRECTION('',(0.,0.,1.));
#1936 = PLANE('',#1937);
#1937 = AXIS2_PLACEMENT_3D('',#1938,#1939,#1940);
#1938 = CARTESIAN_POINT('',(20.,42.,-4.7));
#1939 = DIRECTION('',(0.,1.,0.));
#1940 = DIRECTION('',(0.,0.,1.));
#1941 = ADVANCED_FACE('',(#1942),#1960,.T.);
#1942 = FACE_BOUND('',#1943,.T.);
#1943 = EDGE_LOOP('',(#1944,#1945,#1953,#1959));
#1944 = ORIENTED_EDGE('',*,*,#1489,.F.);
#1945 = ORIENTED_EDGE('',*,*,#1946,.T.);
#1946 = EDGE_CURVE('',#1482,#1947,#1949,.T.);
#1947 = VERTEX_POINT('',#1948);
#1948 = CARTESIAN_POINT('',(58.5,42.,-2.));
#1949 = LINE('',#1950,#1951);
#1950 = CARTESIAN_POINT('',(58.5,42.,-4.7));
#1951 = VECTOR('',#1952,1.);
#1952 = DIRECTION('',(0.,0.,1.));
#1953 = ORIENTED_EDGE('',*,*,#1954,.T.);
#1954 = EDGE_CURVE('',#1947,#1900,#1955,.T.);
#1955 = LINE('',#1956,#1957);
#1956 = CARTESIAN_POINT('',(58.5,42.,-2.));
#1957 = VECTOR('',#1958,1.);
#1958 = DIRECTION('',(1.,0.,0.));
#1959 = ORIENTED_EDGE('',*,*,#1899,.F.);
#1960 = PLANE('',#1961);
#1961 = AXIS2_PLACEMENT_3D('',#1962,#1963,#1964);
#1962 = CARTESIAN_POINT('',(58.5,42.,-4.7));
#1963 = DIRECTION('',(0.,1.,0.));
#1964 = DIRECTION('',(0.,0.,1.));
#1965 = ADVANCED_FACE('',(#1966),#1984,.F.);
#1966 = FACE_BOUND('',#1967,.F.);
#1967 = EDGE_LOOP('',(#1968,#1969,#1970,#1978));
#1968 = ORIENTED_EDGE('',*,*,#1931,.F.);
#1969 = ORIENTED_EDGE('',*,*,#1465,.T.);
#1970 = ORIENTED_EDGE('',*,*,#1971,.T.);
#1971 = EDGE_CURVE('',#1466,#1972,#1974,.T.);
#1972 = VERTEX_POINT('',#1973);
#1973 = CARTESIAN_POINT('',(21.5,43.5,-2.));
#1974 = LINE('',#1975,#1976);
#1975 = CARTESIAN_POINT('',(21.5,43.5,-4.7));
#1976 = VECTOR('',#1977,1.);
#1977 = DIRECTION('',(0.,0.,1.));
#1978 = ORIENTED_EDGE('',*,*,#1979,.F.);
#1979 = EDGE_CURVE('',#1924,#1972,#1980,.T.);
#1980 = LINE('',#1981,#1982);
#1981 = CARTESIAN_POINT('',(21.5,42.,-2.));
#1982 = VECTOR('',#1983,1.);
#1983 = DIRECTION('',(0.,1.,0.));
#1984 = PLANE('',#1985);
#1985 = AXIS2_PLACEMENT_3D('',#1986,#1987,#1988);
#1986 = CARTESIAN_POINT('',(21.5,42.,-4.7));
#1987 = DIRECTION('',(1.,0.,0.));
#1988 = DIRECTION('',(0.,0.,1.));
#1989 = ADVANCED_FACE('',(#1990),#2008,.T.);
#1990 = FACE_BOUND('',#1991,.T.);
#1991 = EDGE_LOOP('',(#1992,#1993,#1994,#2002));
#1992 = ORIENTED_EDGE('',*,*,#1946,.F.);
#1993 = ORIENTED_EDGE('',*,*,#1481,.T.);
#1994 = ORIENTED_EDGE('',*,*,#1995,.T.);
#1995 = EDGE_CURVE('',#1474,#1996,#1998,.T.);
#1996 = VERTEX_POINT('',#1997);
#1997 = CARTESIAN_POINT('',(58.5,43.5,-2.));
#1998 = LINE('',#1999,#2000);
#1999 = CARTESIAN_POINT('',(58.5,43.5,-4.7));
#2000 = VECTOR('',#2001,1.);
#2001 = DIRECTION('',(0.,0.,1.));
#2002 = ORIENTED_EDGE('',*,*,#2003,.F.);
#2003 = EDGE_CURVE('',#1947,#1996,#2004,.T.);
#2004 = LINE('',#2005,#2006);
#2005 = CARTESIAN_POINT('',(58.5,42.,-2.));
#2006 = VECTOR('',#2007,1.);
#2007 = DIRECTION('',(0.,1.,0.));
#2008 = PLANE('',#2009);
#2009 = AXIS2_PLACEMENT_3D('',#2010,#2011,#2012);
#2010 = CARTESIAN_POINT('',(58.5,42.,-4.7));
#2011 = DIRECTION('',(1.,0.,0.));
#2012 = DIRECTION('',(0.,0.,1.));
#2013 = ADVANCED_FACE('',(#2014),#2025,.T.);
#2014 = FACE_BOUND('',#2015,.T.);
#2015 = EDGE_LOOP('',(#2016,#2017,#2018,#2024));
#2016 = ORIENTED_EDGE('',*,*,#1473,.F.);
#2017 = ORIENTED_EDGE('',*,*,#1971,.T.);
#2018 = ORIENTED_EDGE('',*,*,#2019,.T.);
#2019 = EDGE_CURVE('',#1972,#1996,#2020,.T.);
#2020 = LINE('',#2021,#2022);
#2021 = CARTESIAN_POINT('',(21.5,43.5,-2.));
#2022 = VECTOR('',#2023,1.);
#2023 = DIRECTION('',(1.,0.,0.));
#2024 = ORIENTED_EDGE('',*,*,#1995,.F.);
#2025 = PLANE('',#2026);
#2026 = AXIS2_PLACEMENT_3D('',#2027,#2028,#2029);
#2027 = CARTESIAN_POINT('',(21.5,43.5,-4.7));
#2028 = DIRECTION('',(0.,1.,0.));
#2029 = DIRECTION('',(0.,0.,1.));
#2030 = ADVANCED_FACE('',(#2031),#2050,.T.);
#2031 = FACE_BOUND('',#2032,.T.);
#2032 = EDGE_LOOP('',(#2033,#2042,#2048,#2049));
#2033 = ORIENTED_EDGE('',*,*,#2034,.F.);
#2034 = EDGE_CURVE('',#2035,#2035,#2037,.T.);
#2035 = VERTEX_POINT('',#2036);
#2036 = CARTESIAN_POINT('',(77.6,49.,0.));
#2037 = CIRCLE('',#2038,2.6);
#2038 = AXIS2_PLACEMENT_3D('',#2039,#2040,#2041);
#2039 = CARTESIAN_POINT('',(75.,49.,0.));
#2040 = DIRECTION('',(0.,0.,1.));
#2041 = DIRECTION('',(1.,0.,0.));
#2042 = ORIENTED_EDGE('',*,*,#2043,.F.);
#2043 = EDGE_CURVE('',#1522,#2035,#2044,.T.);
#2044 = LINE('',#2045,#2046);
#2045 = CARTESIAN_POINT('',(77.6,49.,-4.7));
#2046 = VECTOR('',#2047,1.);
#2047 = DIRECTION('',(0.,0.,1.));
#2048 = ORIENTED_EDGE('',*,*,#1521,.T.);
#2049 = ORIENTED_EDGE('',*,*,#2043,.T.);
#2050 = CYLINDRICAL_SURFACE('',#2051,2.6);
#2051 = AXIS2_PLACEMENT_3D('',#2052,#2053,#2054);
#2052 = CARTESIAN_POINT('',(75.,49.,-4.7));
#2053 = DIRECTION('',(0.,0.,1.));
#2054 = DIRECTION('',(1.,0.,0.));
#2055 = ADVANCED_FACE('',(#2056),#2075,.F.);
#2056 = FACE_BOUND('',#2057,.F.);
#2057 = EDGE_LOOP('',(#2058,#2066,#2073,#2074));
#2058 = ORIENTED_EDGE('',*,*,#2059,.T.);
#2059 = EDGE_CURVE('',#1583,#2060,#2062,.T.);
#2060 = VERTEX_POINT('',#2061);
#2061 = CARTESIAN_POINT('',(6.25,6.,0.));
#2062 = LINE('',#2063,#2064);
#2063 = CARTESIAN_POINT('',(6.25,6.,-7.2));
#2064 = VECTOR('',#2065,1.);
#2065 = DIRECTION('',(0.,0.,1.));
#2066 = ORIENTED_EDGE('',*,*,#2067,.F.);
#2067 = EDGE_CURVE('',#2060,#2060,#2068,.T.);
#2068 = CIRCLE('',#2069,1.25);
#2069 = AXIS2_PLACEMENT_3D('',#2070,#2071,#2072);
#2070 = CARTESIAN_POINT('',(5.,6.,0.));
#2071 = DIRECTION('',(0.,0.,1.));
#2072 = DIRECTION('',(1.,0.,0.));
#2073 = ORIENTED_EDGE('',*,*,#2059,.F.);
#2074 = ORIENTED_EDGE('',*,*,#1582,.T.);
#2075 = CYLINDRICAL_SURFACE('',#2076,1.25);
#2076 = AXIS2_PLACEMENT_3D('',#2077,#2078,#2079);
#2077 = CARTESIAN_POINT('',(5.,6.,-7.2));
#2078 = DIRECTION('',(0.,0.,1.));
#2079 = DIRECTION('',(1.,0.,0.));
#2080 = ADVANCED_FACE('',(#2081),#2100,.F.);
#2081 = FACE_BOUND('',#2082,.F.);
#2082 = EDGE_LOOP('',(#2083,#2091,#2098,#2099));
#2083 = ORIENTED_EDGE('',*,*,#2084,.T.);
#2084 = EDGE_CURVE('',#1603,#2085,#2087,.T.);
#2085 = VERTEX_POINT('',#2086);
#2086 = CARTESIAN_POINT('',(76.25,6.,0.));
#2087 = LINE('',#2088,#2089);
#2088 = CARTESIAN_POINT('',(76.25,6.,-7.2));
#2089 = VECTOR('',#2090,1.);
#2090 = DIRECTION('',(0.,0.,1.));
#2091 = ORIENTED_EDGE('',*,*,#2092,.F.);
#2092 = EDGE_CURVE('',#2085,#2085,#2093,.T.);
#2093 = CIRCLE('',#2094,1.25);
#2094 = AXIS2_PLACEMENT_3D('',#2095,#2096,#2097);
#2095 = CARTESIAN_POINT('',(75.,6.,0.));
#2096 = DIRECTION('',(0.,0.,1.));
#2097 = DIRECTION('',(1.,0.,0.));
#2098 = ORIENTED_EDGE('',*,*,#2084,.F.);
#2099 = ORIENTED_EDGE('',*,*,#1602,.T.);
#2100 = CYLINDRICAL_SURFACE('',#2101,1.25);
#2101 = AXIS2_PLACEMENT_3D('',#2102,#2103,#2104);
#2102 = CARTESIAN_POINT('',(75.,6.,-7.2));
#2103 = DIRECTION('',(0.,0.,1.));
#2104 = DIRECTION('',(1.,0.,0.));
#2105 = ADVANCED_FACE('',(#2106),#2125,.F.);
#2106 = FACE_BOUND('',#2107,.F.);
#2107 = EDGE_LOOP('',(#2108,#2116,#2123,#2124));
#2108 = ORIENTED_EDGE('',*,*,#2109,.T.);
#2109 = EDGE_CURVE('',#1623,#2110,#2112,.T.);
#2110 = VERTEX_POINT('',#2111);
#2111 = CARTESIAN_POINT('',(6.25,49.,0.));
#2112 = LINE('',#2113,#2114);
#2113 = CARTESIAN_POINT('',(6.25,49.,-7.2));
#2114 = VECTOR('',#2115,1.);
#2115 = DIRECTION('',(0.,0.,1.));
#2116 = ORIENTED_EDGE('',*,*,#2117,.F.);
#2117 = EDGE_CURVE('',#2110,#2110,#2118,.T.);
#2118 = CIRCLE('',#2119,1.25);
#2119 = AXIS2_PLACEMENT_3D('',#2120,#2121,#2122);
#2120 = CARTESIAN_POINT('',(5.,49.,0.));
#2121 = DIRECTION('',(0.,0.,1.));
#2122 = DIRECTION('',(1.,0.,0.));
#2123 = ORIENTED_EDGE('',*,*,#2109,.F.);
#2124 = ORIENTED_EDGE('',*,*,#1622,.T.);
#2125 = CYLINDRICAL_SURFACE('',#2126,1.25);
#2126 = AXIS2_PLACEMENT_3D('',#2127,#2128,#2129);
#2127 = CARTESIAN_POINT('',(5.,49.,-7.2));
#2128 = DIRECTION('',(0.,0.,1.));
#2129 = DIRECTION('',(1.,0.,0.));
#2130 = ADVANCED_FACE('',(#2131),#2150,.F.);
#2131 = FACE_BOUND('',#2132,.F.);
#2132 = EDGE_LOOP('',(#2133,#2141,#2148,#2149));
#2133 = ORIENTED_EDGE('',*,*,#2134,.T.);
#2134 = EDGE_CURVE('',#1643,#2135,#2137,.T.);
#2135 = VERTEX_POINT('',#2136);
#2136 = CARTESIAN_POINT('',(76.25,49.,0.));
#2137 = LINE('',#2138,#2139);
#2138 = CARTESIAN_POINT('',(76.25,49.,-7.2));
#2139 = VECTOR('',#2140,1.);
#2140 = DIRECTION('',(0.,0.,1.));
#2141 = ORIENTED_EDGE('',*,*,#2142,.F.);
#2142 = EDGE_CURVE('',#2135,#2135,#2143,.T.);
#2143 = CIRCLE('',#2144,1.25);
#2144 = AXIS2_PLACEMENT_3D('',#2145,#2146,#2147);
#2145 = CARTESIAN_POINT('',(75.,49.,0.));
#2146 = DIRECTION('',(0.,0.,1.));
#2147 = DIRECTION('',(1.,0.,0.));
#2148 = ORIENTED_EDGE('',*,*,#2134,.F.);
#2149 = ORIENTED_EDGE('',*,*,#1642,.T.);
#2150 = CYLINDRICAL_SURFACE('',#2151,1.25);
#2151 = AXIS2_PLACEMENT_3D('',#2152,#2153,#2154);
#2152 = CARTESIAN_POINT('',(75.,49.,-7.2));
#2153 = DIRECTION('',(0.,0.,1.));
#2154 = DIRECTION('',(1.,0.,0.));
#2155 = ADVANCED_FACE('',(#2156,#2159),#2162,.T.);
#2156 = FACE_BOUND('',#2157,.T.);
#2157 = EDGE_LOOP('',(#2158));
#2158 = ORIENTED_EDGE('',*,*,#1671,.T.);
#2159 = FACE_BOUND('',#2160,.T.);
#2160 = EDGE_LOOP('',(#2161));
#2161 = ORIENTED_EDGE('',*,*,#2067,.F.);
#2162 = PLANE('',#2163);
#2163 = AXIS2_PLACEMENT_3D('',#2164,#2165,#2166);
#2164 = CARTESIAN_POINT('',(5.,6.,0.));
#2165 = DIRECTION('',(0.,0.,1.));
#2166 = DIRECTION('',(1.,0.,0.));
#2167 = ADVANCED_FACE('',(#2168,#2171),#2174,.T.);
#2168 = FACE_BOUND('',#2169,.T.);
#2169 = EDGE_LOOP('',(#2170));
#2170 = ORIENTED_EDGE('',*,*,#1696,.T.);
#2171 = FACE_BOUND('',#2172,.T.);
#2172 = EDGE_LOOP('',(#2173));
#2173 = ORIENTED_EDGE('',*,*,#2092,.F.);
#2174 = PLANE('',#2175);
#2175 = AXIS2_PLACEMENT_3D('',#2176,#2177,#2178);
#2176 = CARTESIAN_POINT('',(75.,6.,0.));
#2177 = DIRECTION('',(0.,0.,1.));
#2178 = DIRECTION('',(1.,0.,0.));
#2179 = ADVANCED_FACE('',(#2180,#2183),#2186,.T.);
#2180 = FACE_BOUND('',#2181,.T.);
#2181 = EDGE_LOOP('',(#2182));
#2182 = ORIENTED_EDGE('',*,*,#1721,.T.);
#2183 = FACE_BOUND('',#2184,.T.);
#2184 = EDGE_LOOP('',(#2185));
#2185 = ORIENTED_EDGE('',*,*,#2117,.F.);
#2186 = PLANE('',#2187);
#2187 = AXIS2_PLACEMENT_3D('',#2188,#2189,#2190);
#2188 = CARTESIAN_POINT('',(5.,49.,0.));
#2189 = DIRECTION('',(0.,0.,1.));
#2190 = DIRECTION('',(1.,0.,0.));
#2191 = ADVANCED_FACE('',(#2192),#2203,.T.);
#2192 = FACE_BOUND('',#2193,.T.);
#2193 = EDGE_LOOP('',(#2194,#2195,#2196,#2197));
#2194 = ORIENTED_EDGE('',*,*,#1787,.F.);
#2195 = ORIENTED_EDGE('',*,*,#1755,.T.);
#2196 = ORIENTED_EDGE('',*,*,#1811,.T.);
#2197 = ORIENTED_EDGE('',*,*,#2198,.F.);
#2198 = EDGE_CURVE('',#1780,#1804,#2199,.T.);
#2199 = LINE('',#2200,#2201);
#2200 = CARTESIAN_POINT('',(21.5,16.,-2.));
#2201 = VECTOR('',#2202,1.);
#2202 = DIRECTION('',(1.,0.,0.));
#2203 = PLANE('',#2204);
#2204 = AXIS2_PLACEMENT_3D('',#2205,#2206,#2207);
#2205 = CARTESIAN_POINT('',(21.5,14.5,-2.));
#2206 = DIRECTION('',(0.,0.,1.));
#2207 = DIRECTION('',(1.,0.,0.));
#2208 = ADVANCED_FACE('',(#2209),#2220,.T.);
#2209 = FACE_BOUND('',#2210,.T.);
#2210 = EDGE_LOOP('',(#2211,#2212,#2213,#2219));
#2211 = ORIENTED_EDGE('',*,*,#1883,.F.);
#2212 = ORIENTED_EDGE('',*,*,#1834,.T.);
#2213 = ORIENTED_EDGE('',*,*,#2214,.T.);
#2214 = EDGE_CURVE('',#1780,#1924,#2215,.T.);
#2215 = LINE('',#2216,#2217);
#2216 = CARTESIAN_POINT('',(21.5,16.,-2.));
#2217 = VECTOR('',#2218,1.);
#2218 = DIRECTION('',(0.,1.,0.));
#2219 = ORIENTED_EDGE('',*,*,#1923,.F.);
#2220 = PLANE('',#2221);
#2221 = AXIS2_PLACEMENT_3D('',#2222,#2223,#2224);
#2222 = CARTESIAN_POINT('',(20.,16.,-2.));
#2223 = DIRECTION('',(0.,0.,1.));
#2224 = DIRECTION('',(1.,0.,0.));
#2225 = ADVANCED_FACE('',(#2226),#2237,.T.);
#2226 = FACE_BOUND('',#2227,.T.);
#2227 = EDGE_LOOP('',(#2228,#2234,#2235,#2236));
#2228 = ORIENTED_EDGE('',*,*,#2229,.F.);
#2229 = EDGE_CURVE('',#1804,#1947,#2230,.T.);
#2230 = LINE('',#2231,#2232);
#2231 = CARTESIAN_POINT('',(58.5,16.,-2.));
#2232 = VECTOR('',#2233,1.);
#2233 = DIRECTION('',(0.,1.,0.));
#2234 = ORIENTED_EDGE('',*,*,#1851,.T.);
#2235 = ORIENTED_EDGE('',*,*,#1907,.T.);
#2236 = ORIENTED_EDGE('',*,*,#1954,.F.);
#2237 = PLANE('',#2238);
#2238 = AXIS2_PLACEMENT_3D('',#2239,#2240,#2241);
#2239 = CARTESIAN_POINT('',(58.5,16.,-2.));
#2240 = DIRECTION('',(0.,0.,1.));
#2241 = DIRECTION('',(1.,0.,0.));
#2242 = ADVANCED_FACE('',(#2243),#2254,.T.);
#2243 = FACE_BOUND('',#2244,.T.);
#2244 = EDGE_LOOP('',(#2245,#2246,#2252,#2253));
#2245 = ORIENTED_EDGE('',*,*,#1979,.F.);
#2246 = ORIENTED_EDGE('',*,*,#2247,.T.);
#2247 = EDGE_CURVE('',#1924,#1947,#2248,.T.);
#2248 = LINE('',#2249,#2250);
#2249 = CARTESIAN_POINT('',(21.5,42.,-2.));
#2250 = VECTOR('',#2251,1.);
#2251 = DIRECTION('',(1.,0.,0.));
#2252 = ORIENTED_EDGE('',*,*,#2003,.T.);
#2253 = ORIENTED_EDGE('',*,*,#2019,.F.);
#2254 = PLANE('',#2255);
#2255 = AXIS2_PLACEMENT_3D('',#2256,#2257,#2258);
#2256 = CARTESIAN_POINT('',(21.5,42.,-2.));
#2257 = DIRECTION('',(0.,0.,1.));
#2258 = DIRECTION('',(1.,0.,0.));
#2259 = ADVANCED_FACE('',(#2260,#2263),#2266,.T.);
#2260 = FACE_BOUND('',#2261,.T.);
#2261 = EDGE_LOOP('',(#2262));
#2262 = ORIENTED_EDGE('',*,*,#2034,.T.);
#2263 = FACE_BOUND('',#2264,.T.);
#2264 = EDGE_LOOP('',(#2265));
#2265 = ORIENTED_EDGE('',*,*,#2142,.F.);
#2266 = PLANE('',#2267);
#2267 = AXIS2_PLACEMENT_3D('',#2268,#2269,#2270);
#2268 = CARTESIAN_POINT('',(75.,49.,0.));
#2269 = DIRECTION('',(0.,0.,1.));
#2270 = DIRECTION('',(1.,0.,0.));
#2271 = ADVANCED_FACE('',(#2272),#2283,.T.);
#2272 = FACE_BOUND('',#2273,.T.);
#2273 = EDGE_LOOP('',(#2274,#2280,#2281,#2282));
#2274 = ORIENTED_EDGE('',*,*,#2275,.F.);
#2275 = EDGE_CURVE('',#1434,#1506,#2276,.T.);
#2276 = LINE('',#2277,#2278);
#2277 = CARTESIAN_POINT('',(21.5,16.,-4.7));
#2278 = VECTOR('',#2279,1.);
#2279 = DIRECTION('',(1.,0.,0.));
#2280 = ORIENTED_EDGE('',*,*,#1779,.T.);
#2281 = ORIENTED_EDGE('',*,*,#2198,.T.);
#2282 = ORIENTED_EDGE('',*,*,#1803,.F.);
#2283 = PLANE('',#2284);
#2284 = AXIS2_PLACEMENT_3D('',#2285,#2286,#2287);
#2285 = CARTESIAN_POINT('',(21.5,16.,-4.7));
#2286 = DIRECTION('',(0.,1.,0.));
#2287 = DIRECTION('',(0.,0.,1.));
#2288 = ADVANCED_FACE('',(#2289),#2300,.T.);
#2289 = FACE_BOUND('',#2290,.T.);
#2290 = EDGE_LOOP('',(#2291,#2292,#2298,#2299));
#2291 = ORIENTED_EDGE('',*,*,#1779,.F.);
#2292 = ORIENTED_EDGE('',*,*,#2293,.T.);
#2293 = EDGE_CURVE('',#1434,#1458,#2294,.T.);
#2294 = LINE('',#2295,#2296);
#2295 = CARTESIAN_POINT('',(21.5,16.,-4.7));
#2296 = VECTOR('',#2297,1.);
#2297 = DIRECTION('',(0.,1.,0.));
#2298 = ORIENTED_EDGE('',*,*,#1931,.T.);
#2299 = ORIENTED_EDGE('',*,*,#2214,.F.);
#2300 = PLANE('',#2301);
#2301 = AXIS2_PLACEMENT_3D('',#2302,#2303,#2304);
#2302 = CARTESIAN_POINT('',(21.5,16.,-4.7));
#2303 = DIRECTION('',(1.,0.,0.));
#2304 = DIRECTION('',(0.,0.,1.));
#2305 = ADVANCED_FACE('',(#2306),#2317,.F.);
#2306 = FACE_BOUND('',#2307,.F.);
#2307 = EDGE_LOOP('',(#2308,#2309,#2315,#2316));
#2308 = ORIENTED_EDGE('',*,*,#1803,.F.);
#2309 = ORIENTED_EDGE('',*,*,#2310,.T.);
#2310 = EDGE_CURVE('',#1506,#1482,#2311,.T.);
#2311 = LINE('',#2312,#2313);
#2312 = CARTESIAN_POINT('',(58.5,16.,-4.7));
#2313 = VECTOR('',#2314,1.);
#2314 = DIRECTION('',(0.,1.,0.));
#2315 = ORIENTED_EDGE('',*,*,#1946,.T.);
#2316 = ORIENTED_EDGE('',*,*,#2229,.F.);
#2317 = PLANE('',#2318);
#2318 = AXIS2_PLACEMENT_3D('',#2319,#2320,#2321);
#2319 = CARTESIAN_POINT('',(58.5,16.,-4.7));
#2320 = DIRECTION('',(1.,0.,0.));
#2321 = DIRECTION('',(0.,0.,1.));
#2322 = ADVANCED_FACE('',(#2323),#2334,.F.);
#2323 = FACE_BOUND('',#2324,.F.);
#2324 = EDGE_LOOP('',(#2325,#2331,#2332,#2333));
#2325 = ORIENTED_EDGE('',*,*,#2326,.F.);
#2326 = EDGE_CURVE('',#1458,#1482,#2327,.T.);
#2327 = LINE('',#2328,#2329);
#2328 = CARTESIAN_POINT('',(21.5,42.,-4.7));
#2329 = VECTOR('',#2330,1.);
#2330 = DIRECTION('',(1.,0.,0.));
#2331 = ORIENTED_EDGE('',*,*,#1931,.T.);
#2332 = ORIENTED_EDGE('',*,*,#2247,.T.);
#2333 = ORIENTED_EDGE('',*,*,#1946,.F.);
#2334 = PLANE('',#2335);
#2335 = AXIS2_PLACEMENT_3D('',#2336,#2337,#2338);
#2336 = CARTESIAN_POINT('',(21.5,42.,-4.7));
#2337 = DIRECTION('',(0.,1.,0.));
#2338 = DIRECTION('',(0.,0.,1.));
#2339 = ADVANCED_FACE('',(#2340),#2346,.T.);
#2340 = FACE_BOUND('',#2341,.T.);
#2341 = EDGE_LOOP('',(#2342,#2343,#2344,#2345));
#2342 = ORIENTED_EDGE('',*,*,#2293,.F.);
#2343 = ORIENTED_EDGE('',*,*,#2275,.T.);
#2344 = ORIENTED_EDGE('',*,*,#2310,.T.);
#2345 = ORIENTED_EDGE('',*,*,#2326,.F.);
#2346 = PLANE('',#2347);
#2347 = AXIS2_PLACEMENT_3D('',#2348,#2349,#2350);
#2348 = CARTESIAN_POINT('',(-1.,-1.,-4.7));
#2349 = DIRECTION('',(0.,0.,1.));
#2350 = DIRECTION('',(1.,0.,0.));
#2351 = MANIFOLD_SOLID_BREP('',#2352);
#2352 = CLOSED_SHELL('',(#2353,#2393,#2424,#2455,#2545,#2569,#2593,#2617
    ,#2977,#2994,#3018,#3042,#3066,#3083,#3114,#3138,#3162,#3179,#3196,
    #3213,#3230,#3247,#3259,#3290,#3314,#3338,#3355,#3380,#3405,#3430,
    #3455,#3480,#3505,#3536,#3560,#3584,#3601,#3632,#3656,#3680,#3697,
    #3728,#3752,#3776,#3793,#3824,#3848,#3872,#3889,#3920,#3944,#3968,
    #3985,#4016,#4040,#4064,#4081,#4127,#4241,#4253,#4265,#4277,#4289,
    #4301,#4332,#4356,#4380,#4397,#4428,#4452,#4476,#4493,#4518,#4543,
    #4568,#4593,#4611,#4631,#4651,#4671,#4691,#4716,#4741,#4766,#4791,
    #4800,#4809,#4818));
#2353 = ADVANCED_FACE('',(#2354),#2388,.F.);
#2354 = FACE_BOUND('',#2355,.F.);
#2355 = EDGE_LOOP('',(#2356,#2366,#2374,#2382));
#2356 = ORIENTED_EDGE('',*,*,#2357,.F.);
#2357 = EDGE_CURVE('',#2358,#2360,#2362,.T.);
#2358 = VERTEX_POINT('',#2359);
#2359 = CARTESIAN_POINT('',(-3.,-1.8,2.6));
#2360 = VERTEX_POINT('',#2361);
#2361 = CARTESIAN_POINT('',(-3.,-1.8,9.8));
#2362 = LINE('',#2363,#2364);
#2363 = CARTESIAN_POINT('',(-3.,-1.8,2.6));
#2364 = VECTOR('',#2365,1.);
#2365 = DIRECTION('',(0.,0.,1.));
#2366 = ORIENTED_EDGE('',*,*,#2367,.T.);
#2367 = EDGE_CURVE('',#2358,#2368,#2370,.T.);
#2368 = VERTEX_POINT('',#2369);
#2369 = CARTESIAN_POINT('',(-3.,55.8,2.6));
#2370 = LINE('',#2371,#2372);
#2371 = CARTESIAN_POINT('',(-3.,-3.,2.6));
#2372 = VECTOR('',#2373,1.);
#2373 = DIRECTION('',(0.,1.,0.));
#2374 = ORIENTED_EDGE('',*,*,#2375,.T.);
#2375 = EDGE_CURVE('',#2368,#2376,#2378,.T.);
#2376 = VERTEX_POINT('',#2377);
#2377 = CARTESIAN_POINT('',(-3.,55.8,9.8));
#2378 = LINE('',#2379,#2380);
#2379 = CARTESIAN_POINT('',(-3.,55.8,2.6));
#2380 = VECTOR('',#2381,1.);
#2381 = DIRECTION('',(0.,0.,1.));
#2382 = ORIENTED_EDGE('',*,*,#2383,.F.);
#2383 = EDGE_CURVE('',#2360,#2376,#2384,.T.);
#2384 = LINE('',#2385,#2386);
#2385 = CARTESIAN_POINT('',(-3.,-1.8,9.8));
#2386 = VECTOR('',#2387,1.);
#2387 = DIRECTION('',(0.,1.,0.));
#2388 = PLANE('',#2389);
#2389 = AXIS2_PLACEMENT_3D('',#2390,#2391,#2392);
#2390 = CARTESIAN_POINT('',(-3.,-3.,2.6));
#2391 = DIRECTION('',(1.,0.,0.));
#2392 = DIRECTION('',(0.,0.,1.));
#2393 = ADVANCED_FACE('',(#2394),#2419,.T.);
#2394 = FACE_BOUND('',#2395,.F.);
#2395 = EDGE_LOOP('',(#2396,#2397,#2405,#2413));
#2396 = ORIENTED_EDGE('',*,*,#2357,.T.);
#2397 = ORIENTED_EDGE('',*,*,#2398,.T.);
#2398 = EDGE_CURVE('',#2360,#2399,#2401,.T.);
#2399 = VERTEX_POINT('',#2400);
#2400 = CARTESIAN_POINT('',(-1.8,-3.,9.8));
#2401 = LINE('',#2402,#2403);
#2402 = CARTESIAN_POINT('',(-3.,-1.8,9.8));
#2403 = VECTOR('',#2404,1.);
#2404 = DIRECTION('',(0.707106781187,-0.707106781187,0.));
#2405 = ORIENTED_EDGE('',*,*,#2406,.F.);
#2406 = EDGE_CURVE('',#2407,#2399,#2409,.T.);
#2407 = VERTEX_POINT('',#2408);
#2408 = CARTESIAN_POINT('',(-1.8,-3.,2.6));
#2409 = LINE('',#2410,#2411);
#2410 = CARTESIAN_POINT('',(-1.8,-3.,2.6));
#2411 = VECTOR('',#2412,1.);
#2412 = DIRECTION('',(0.,0.,1.));
#2413 = ORIENTED_EDGE('',*,*,#2414,.F.);
#2414 = EDGE_CURVE('',#2358,#2407,#2415,.T.);
#2415 = LINE('',#2416,#2417);
#2416 = CARTESIAN_POINT('',(-2.4,-2.4,2.6));
#2417 = VECTOR('',#2418,1.);
#2418 = DIRECTION('',(0.707106781187,-0.707106781187,0.));
#2419 = PLANE('',#2420);
#2420 = AXIS2_PLACEMENT_3D('',#2421,#2422,#2423);
#2421 = CARTESIAN_POINT('',(-2.4,-2.4,2.6));
#2422 = DIRECTION('',(-0.707106781187,-0.707106781187,0.));
#2423 = DIRECTION('',(-0.,-0.,-1.));
#2424 = ADVANCED_FACE('',(#2425),#2450,.F.);
#2425 = FACE_BOUND('',#2426,.F.);
#2426 = EDGE_LOOP('',(#2427,#2435,#2436,#2444));
#2427 = ORIENTED_EDGE('',*,*,#2428,.F.);
#2428 = EDGE_CURVE('',#2360,#2429,#2431,.T.);
#2429 = VERTEX_POINT('',#2430);
#2430 = CARTESIAN_POINT('',(-2.2,-1.468629150102,10.6));
#2431 = LINE('',#2432,#2433);
#2432 = CARTESIAN_POINT('',(-2.631603429424,-1.647405144136,
    10.168396570576));
#2433 = VECTOR('',#2434,1.);
#2434 = DIRECTION('',(0.678598344546,0.281084637715,0.678598344546));
#2435 = ORIENTED_EDGE('',*,*,#2383,.T.);
#2436 = ORIENTED_EDGE('',*,*,#2437,.T.);
#2437 = EDGE_CURVE('',#2376,#2438,#2440,.T.);
#2438 = VERTEX_POINT('',#2439);
#2439 = CARTESIAN_POINT('',(-2.2,55.468629150102,10.6));
#2440 = LINE('',#2441,#2442);
#2441 = CARTESIAN_POINT('',(2.861811381696,53.371958225629,
    15.661811381696));
#2442 = VECTOR('',#2443,1.);
#2443 = DIRECTION('',(0.678598344546,-0.281084637715,0.678598344546));
#2444 = ORIENTED_EDGE('',*,*,#2445,.F.);
#2445 = EDGE_CURVE('',#2429,#2438,#2446,.T.);
#2446 = LINE('',#2447,#2448);
#2447 = CARTESIAN_POINT('',(-2.2,-1.8,10.6));
#2448 = VECTOR('',#2449,1.);
#2449 = DIRECTION('',(0.,1.,0.));
#2450 = PLANE('',#2451);
#2451 = AXIS2_PLACEMENT_3D('',#2452,#2453,#2454);
#2452 = CARTESIAN_POINT('',(-2.6,-1.8,10.2));
#2453 = DIRECTION('',(0.707106781187,-6.983161618628E-18,-0.707106781187
    ));
#2454 = DIRECTION('',(4.937840934654E-18,1.,-4.937840934654E-18));
#2455 = ADVANCED_FACE('',(#2456,#2506),#2540,.F.);
#2456 = FACE_BOUND('',#2457,.F.);
#2457 = EDGE_LOOP('',(#2458,#2459,#2460,#2468,#2476,#2484,#2492,#2500));
#2458 = ORIENTED_EDGE('',*,*,#2367,.F.);
#2459 = ORIENTED_EDGE('',*,*,#2414,.T.);
#2460 = ORIENTED_EDGE('',*,*,#2461,.T.);
#2461 = EDGE_CURVE('',#2407,#2462,#2464,.T.);
#2462 = VERTEX_POINT('',#2463);
#2463 = CARTESIAN_POINT('',(81.8,-3.,2.6));
#2464 = LINE('',#2465,#2466);
#2465 = CARTESIAN_POINT('',(-3.,-3.,2.6));
#2466 = VECTOR('',#2467,1.);
#2467 = DIRECTION('',(1.,0.,0.));
#2468 = ORIENTED_EDGE('',*,*,#2469,.F.);
#2469 = EDGE_CURVE('',#2470,#2462,#2472,.T.);
#2470 = VERTEX_POINT('',#2471);
#2471 = CARTESIAN_POINT('',(83.,-1.8,2.6));
#2472 = LINE('',#2473,#2474);
#2473 = CARTESIAN_POINT('',(60.9,-23.9,2.6));
#2474 = VECTOR('',#2475,1.);
#2475 = DIRECTION('',(-0.707106781187,-0.707106781187,0.));
#2476 = ORIENTED_EDGE('',*,*,#2477,.T.);
#2477 = EDGE_CURVE('',#2470,#2478,#2480,.T.);
#2478 = VERTEX_POINT('',#2479);
#2479 = CARTESIAN_POINT('',(83.,55.8,2.6));
#2480 = LINE('',#2481,#2482);
#2481 = CARTESIAN_POINT('',(83.,-3.,2.6));
#2482 = VECTOR('',#2483,1.);
#2483 = DIRECTION('',(0.,1.,0.));
#2484 = ORIENTED_EDGE('',*,*,#2485,.T.);
#2485 = EDGE_CURVE('',#2478,#2486,#2488,.T.);
#2486 = VERTEX_POINT('',#2487);
#2487 = CARTESIAN_POINT('',(81.8,57.,2.6));
#2488 = LINE('',#2489,#2490);
#2489 = CARTESIAN_POINT('',(75.9,62.9,2.6));
#2490 = VECTOR('',#2491,1.);
#2491 = DIRECTION('',(-0.707106781187,0.707106781187,0.));
#2492 = ORIENTED_EDGE('',*,*,#2493,.F.);
#2493 = EDGE_CURVE('',#2494,#2486,#2496,.T.);
#2494 = VERTEX_POINT('',#2495);
#2495 = CARTESIAN_POINT('',(-1.8,57.,2.6));
#2496 = LINE('',#2497,#2498);
#2497 = CARTESIAN_POINT('',(-3.,57.,2.6));
#2498 = VECTOR('',#2499,1.);
#2499 = DIRECTION('',(1.,0.,0.));
#2500 = ORIENTED_EDGE('',*,*,#2501,.F.);
#2501 = EDGE_CURVE('',#2368,#2494,#2502,.T.);
#2502 = LINE('',#2503,#2504);
#2503 = CARTESIAN_POINT('',(-17.4,41.4,2.6));
#2504 = VECTOR('',#2505,1.);
#2505 = DIRECTION('',(0.707106781187,0.707106781187,0.));
#2506 = FACE_BOUND('',#2507,.F.);
#2507 = EDGE_LOOP('',(#2508,#2518,#2526,#2534));
#2508 = ORIENTED_EDGE('',*,*,#2509,.T.);
#2509 = EDGE_CURVE('',#2510,#2512,#2514,.T.);
#2510 = VERTEX_POINT('',#2511);
#2511 = CARTESIAN_POINT('',(81.25,-1.25,2.6));
#2512 = VERTEX_POINT('',#2513);
#2513 = CARTESIAN_POINT('',(-1.25,-1.25,2.6));
#2514 = LINE('',#2515,#2516);
#2515 = CARTESIAN_POINT('',(-2.125,-1.25,2.6));
#2516 = VECTOR('',#2517,1.);
#2517 = DIRECTION('',(-1.,0.,0.));
#2518 = ORIENTED_EDGE('',*,*,#2519,.T.);
#2519 = EDGE_CURVE('',#2512,#2520,#2522,.T.);
#2520 = VERTEX_POINT('',#2521);
#2521 = CARTESIAN_POINT('',(-1.25,55.25,2.6));
#2522 = LINE('',#2523,#2524);
#2523 = CARTESIAN_POINT('',(-1.25,-2.125,2.6));
#2524 = VECTOR('',#2525,1.);
#2525 = DIRECTION('',(0.,1.,0.));
#2526 = ORIENTED_EDGE('',*,*,#2527,.F.);
#2527 = EDGE_CURVE('',#2528,#2520,#2530,.T.);
#2528 = VERTEX_POINT('',#2529);
#2529 = CARTESIAN_POINT('',(81.25,55.25,2.6));
#2530 = LINE('',#2531,#2532);
#2531 = CARTESIAN_POINT('',(-2.125,55.25,2.6));
#2532 = VECTOR('',#2533,1.);
#2533 = DIRECTION('',(-1.,0.,0.));
#2534 = ORIENTED_EDGE('',*,*,#2535,.F.);
#2535 = EDGE_CURVE('',#2510,#2528,#2536,.T.);
#2536 = LINE('',#2537,#2538);
#2537 = CARTESIAN_POINT('',(81.25,-2.125,2.6));
#2538 = VECTOR('',#2539,1.);
#2539 = DIRECTION('',(0.,1.,0.));
#2540 = PLANE('',#2541);
#2541 = AXIS2_PLACEMENT_3D('',#2542,#2543,#2544);
#2542 = CARTESIAN_POINT('',(-3.,-3.,2.6));
#2543 = DIRECTION('',(0.,0.,1.));
#2544 = DIRECTION('',(1.,0.,0.));
#2545 = ADVANCED_FACE('',(#2546),#2564,.F.);
#2546 = FACE_BOUND('',#2547,.T.);
#2547 = EDGE_LOOP('',(#2548,#2549,#2557,#2563));
#2548 = ORIENTED_EDGE('',*,*,#2375,.T.);
#2549 = ORIENTED_EDGE('',*,*,#2550,.T.);
#2550 = EDGE_CURVE('',#2376,#2551,#2553,.T.);
#2551 = VERTEX_POINT('',#2552);
#2552 = CARTESIAN_POINT('',(-1.8,57.,9.8));
#2553 = LINE('',#2554,#2555);
#2554 = CARTESIAN_POINT('',(-3.,55.8,9.8));
#2555 = VECTOR('',#2556,1.);
#2556 = DIRECTION('',(0.707106781187,0.707106781187,0.));
#2557 = ORIENTED_EDGE('',*,*,#2558,.F.);
#2558 = EDGE_CURVE('',#2494,#2551,#2559,.T.);
#2559 = LINE('',#2560,#2561);
#2560 = CARTESIAN_POINT('',(-1.8,57.,2.6));
#2561 = VECTOR('',#2562,1.);
#2562 = DIRECTION('',(0.,0.,1.));
#2563 = ORIENTED_EDGE('',*,*,#2501,.F.);
#2564 = PLANE('',#2565);
#2565 = AXIS2_PLACEMENT_3D('',#2566,#2567,#2568);
#2566 = CARTESIAN_POINT('',(-2.4,56.4,2.6));
#2567 = DIRECTION('',(0.707106781187,-0.707106781187,0.));
#2568 = DIRECTION('',(-0.,-0.,-1.));
#2569 = ADVANCED_FACE('',(#2570),#2588,.F.);
#2570 = FACE_BOUND('',#2571,.F.);
#2571 = EDGE_LOOP('',(#2572,#2573,#2581,#2587));
#2572 = ORIENTED_EDGE('',*,*,#2428,.T.);
#2573 = ORIENTED_EDGE('',*,*,#2574,.T.);
#2574 = EDGE_CURVE('',#2429,#2575,#2577,.T.);
#2575 = VERTEX_POINT('',#2576);
#2576 = CARTESIAN_POINT('',(-1.468629150102,-2.2,10.6));
#2577 = LINE('',#2578,#2579);
#2578 = CARTESIAN_POINT('',(-2.434314575051,-1.234314575051,10.6));
#2579 = VECTOR('',#2580,1.);
#2580 = DIRECTION('',(0.707106781187,-0.707106781187,0.));
#2581 = ORIENTED_EDGE('',*,*,#2582,.T.);
#2582 = EDGE_CURVE('',#2575,#2399,#2583,.T.);
#2583 = LINE('',#2584,#2585);
#2584 = CARTESIAN_POINT('',(-1.580364146373,-2.46975214339,
    10.33024785661));
#2585 = VECTOR('',#2586,1.);
#2586 = DIRECTION('',(-0.281084637715,-0.678598344546,-0.678598344546));
#2587 = ORIENTED_EDGE('',*,*,#2398,.F.);
#2588 = PLANE('',#2589);
#2589 = AXIS2_PLACEMENT_3D('',#2590,#2591,#2592);
#2590 = CARTESIAN_POINT('',(-2.717157287525,-1.517157287525,10.2));
#2591 = DIRECTION('',(0.5,0.5,-0.707106781187));
#2592 = DIRECTION('',(0.707106781187,-0.707106781187,0.));
#2593 = ADVANCED_FACE('',(#2594),#2612,.F.);
#2594 = FACE_BOUND('',#2595,.F.);
#2595 = EDGE_LOOP('',(#2596,#2597,#2605,#2611));
#2596 = ORIENTED_EDGE('',*,*,#2406,.T.);
#2597 = ORIENTED_EDGE('',*,*,#2598,.T.);
#2598 = EDGE_CURVE('',#2399,#2599,#2601,.T.);
#2599 = VERTEX_POINT('',#2600);
#2600 = CARTESIAN_POINT('',(81.8,-3.,9.8));
#2601 = LINE('',#2602,#2603);
#2602 = CARTESIAN_POINT('',(-1.8,-3.,9.8));
#2603 = VECTOR('',#2604,1.);
#2604 = DIRECTION('',(1.,0.,0.));
#2605 = ORIENTED_EDGE('',*,*,#2606,.F.);
#2606 = EDGE_CURVE('',#2462,#2599,#2607,.T.);
#2607 = LINE('',#2608,#2609);
#2608 = CARTESIAN_POINT('',(81.8,-3.,2.6));
#2609 = VECTOR('',#2610,1.);
#2610 = DIRECTION('',(0.,0.,1.));
#2611 = ORIENTED_EDGE('',*,*,#2461,.F.);
#2612 = PLANE('',#2613);
#2613 = AXIS2_PLACEMENT_3D('',#2614,#2615,#2616);
#2614 = CARTESIAN_POINT('',(-3.,-3.,2.6));
#2615 = DIRECTION('',(0.,1.,0.));
#2616 = DIRECTION('',(0.,0.,1.));
#2617 = ADVANCED_FACE('',(#2618,#2668,#2702,#2713,#2724,#2735,#2746,
    #2757,#2768,#2802,#2836,#2870,#2904,#2938),#2972,.T.);
#2618 = FACE_BOUND('',#2619,.T.);
#2619 = EDGE_LOOP('',(#2620,#2621,#2622,#2630,#2638,#2646,#2654,#2662));
#2620 = ORIENTED_EDGE('',*,*,#2445,.F.);
#2621 = ORIENTED_EDGE('',*,*,#2574,.T.);
#2622 = ORIENTED_EDGE('',*,*,#2623,.T.);
#2623 = EDGE_CURVE('',#2575,#2624,#2626,.T.);
#2624 = VERTEX_POINT('',#2625);
#2625 = CARTESIAN_POINT('',(81.468629150102,-2.2,10.6));
#2626 = LINE('',#2627,#2628);
#2627 = CARTESIAN_POINT('',(-1.8,-2.2,10.6));
#2628 = VECTOR('',#2629,1.);
#2629 = DIRECTION('',(1.,0.,0.));
#2630 = ORIENTED_EDGE('',*,*,#2631,.F.);
#2631 = EDGE_CURVE('',#2632,#2624,#2634,.T.);
#2632 = VERTEX_POINT('',#2633);
#2633 = CARTESIAN_POINT('',(82.2,-1.468629150102,10.6));
#2634 = LINE('',#2635,#2636);
#2635 = CARTESIAN_POINT('',(82.434314575051,-1.234314575051,10.6));
#2636 = VECTOR('',#2637,1.);
#2637 = DIRECTION('',(-0.707106781187,-0.707106781187,0.));
#2638 = ORIENTED_EDGE('',*,*,#2639,.T.);
#2639 = EDGE_CURVE('',#2632,#2640,#2642,.T.);
#2640 = VERTEX_POINT('',#2641);
#2641 = CARTESIAN_POINT('',(82.2,55.468629150102,10.6));
#2642 = LINE('',#2643,#2644);
#2643 = CARTESIAN_POINT('',(82.2,-1.8,10.6));
#2644 = VECTOR('',#2645,1.);
#2645 = DIRECTION('',(0.,1.,0.));
#2646 = ORIENTED_EDGE('',*,*,#2647,.T.);
#2647 = EDGE_CURVE('',#2640,#2648,#2650,.T.);
#2648 = VERTEX_POINT('',#2649);
#2649 = CARTESIAN_POINT('',(81.468629150102,56.2,10.6));
#2650 = LINE('',#2651,#2652);
#2651 = CARTESIAN_POINT('',(82.434314575051,55.234314575051,10.6));
#2652 = VECTOR('',#2653,1.);
#2653 = DIRECTION('',(-0.707106781187,0.707106781187,0.));
#2654 = ORIENTED_EDGE('',*,*,#2655,.F.);
#2655 = EDGE_CURVE('',#2656,#2648,#2658,.T.);
#2656 = VERTEX_POINT('',#2657);
#2657 = CARTESIAN_POINT('',(-1.468629150102,56.2,10.6));
#2658 = LINE('',#2659,#2660);
#2659 = CARTESIAN_POINT('',(-1.8,56.2,10.6));
#2660 = VECTOR('',#2661,1.);
#2661 = DIRECTION('',(1.,0.,0.));
#2662 = ORIENTED_EDGE('',*,*,#2663,.F.);
#2663 = EDGE_CURVE('',#2438,#2656,#2664,.T.);
#2664 = LINE('',#2665,#2666);
#2665 = CARTESIAN_POINT('',(-2.434314575051,55.234314575051,10.6));
#2666 = VECTOR('',#2667,1.);
#2667 = DIRECTION('',(0.707106781187,0.707106781187,0.));
#2668 = FACE_BOUND('',#2669,.T.);
#2669 = EDGE_LOOP('',(#2670,#2680,#2688,#2696));
#2670 = ORIENTED_EDGE('',*,*,#2671,.T.);
#2671 = EDGE_CURVE('',#2672,#2674,#2676,.T.);
#2672 = VERTEX_POINT('',#2673);
#2673 = CARTESIAN_POINT('',(27.8,1.8,10.6));
#2674 = VERTEX_POINT('',#2675);
#2675 = CARTESIAN_POINT('',(20.2,1.8,10.6));
#2676 = LINE('',#2677,#2678);
#2677 = CARTESIAN_POINT('',(8.6,1.8,10.6));
#2678 = VECTOR('',#2679,1.);
#2679 = DIRECTION('',(-1.,0.,0.));
#2680 = ORIENTED_EDGE('',*,*,#2681,.T.);
#2681 = EDGE_CURVE('',#2674,#2682,#2684,.T.);
#2682 = VERTEX_POINT('',#2683);
#2683 = CARTESIAN_POINT('',(20.2,5.2,10.6));
#2684 = LINE('',#2685,#2686);
#2685 = CARTESIAN_POINT('',(20.2,-0.6,10.6));
#2686 = VECTOR('',#2687,1.);
#2687 = DIRECTION('',(0.,1.,0.));
#2688 = ORIENTED_EDGE('',*,*,#2689,.F.);
#2689 = EDGE_CURVE('',#2690,#2682,#2692,.T.);
#2690 = VERTEX_POINT('',#2691);
#2691 = CARTESIAN_POINT('',(27.8,5.2,10.6));
#2692 = LINE('',#2693,#2694);
#2693 = CARTESIAN_POINT('',(8.6,5.2,10.6));
#2694 = VECTOR('',#2695,1.);
#2695 = DIRECTION('',(-1.,0.,0.));
#2696 = ORIENTED_EDGE('',*,*,#2697,.F.);
#2697 = EDGE_CURVE('',#2672,#2690,#2698,.T.);
#2698 = LINE('',#2699,#2700);
#2699 = CARTESIAN_POINT('',(27.8,-0.6,10.6));
#2700 = VECTOR('',#2701,1.);
#2701 = DIRECTION('',(0.,1.,0.));
#2702 = FACE_BOUND('',#2703,.T.);
#2703 = EDGE_LOOP('',(#2704));
#2704 = ORIENTED_EDGE('',*,*,#2705,.F.);
#2705 = EDGE_CURVE('',#2706,#2706,#2708,.T.);
#2706 = VERTEX_POINT('',#2707);
#2707 = CARTESIAN_POINT('',(26.75,11.,10.6));
#2708 = CIRCLE('',#2709,2.75);
#2709 = AXIS2_PLACEMENT_3D('',#2710,#2711,#2712);
#2710 = CARTESIAN_POINT('',(24.,11.,10.6));
#2711 = DIRECTION('',(0.,0.,1.));
#2712 = DIRECTION('',(1.,0.,0.));
#2713 = FACE_BOUND('',#2714,.T.);
#2714 = EDGE_LOOP('',(#2715));
#2715 = ORIENTED_EDGE('',*,*,#2716,.F.);
#2716 = EDGE_CURVE('',#2717,#2717,#2719,.T.);
#2717 = VERTEX_POINT('',#2718);
#2718 = CARTESIAN_POINT('',(44.9,5.,10.6));
#2719 = CIRCLE('',#2720,0.9);
#2720 = AXIS2_PLACEMENT_3D('',#2721,#2722,#2723);
#2721 = CARTESIAN_POINT('',(44.,5.,10.6));
#2722 = DIRECTION('',(0.,0.,1.));
#2723 = DIRECTION('',(1.,0.,0.));
#2724 = FACE_BOUND('',#2725,.T.);
#2725 = EDGE_LOOP('',(#2726));
#2726 = ORIENTED_EDGE('',*,*,#2727,.F.);
#2727 = EDGE_CURVE('',#2728,#2728,#2730,.T.);
#2728 = VERTEX_POINT('',#2729);
#2729 = CARTESIAN_POINT('',(35.75,11.,10.6));
#2730 = CIRCLE('',#2731,2.75);
#2731 = AXIS2_PLACEMENT_3D('',#2732,#2733,#2734);
#2732 = CARTESIAN_POINT('',(33.,11.,10.6));
#2733 = DIRECTION('',(0.,0.,1.));
#2734 = DIRECTION('',(1.,0.,0.));
#2735 = FACE_BOUND('',#2736,.T.);
#2736 = EDGE_LOOP('',(#2737));
#2737 = ORIENTED_EDGE('',*,*,#2738,.F.);
#2738 = EDGE_CURVE('',#2739,#2739,#2741,.T.);
#2739 = VERTEX_POINT('',#2740);
#2740 = CARTESIAN_POINT('',(44.75,11.,10.6));
#2741 = CIRCLE('',#2742,2.75);
#2742 = AXIS2_PLACEMENT_3D('',#2743,#2744,#2745);
#2743 = CARTESIAN_POINT('',(42.,11.,10.6));
#2744 = DIRECTION('',(0.,0.,1.));
#2745 = DIRECTION('',(1.,0.,0.));
#2746 = FACE_BOUND('',#2747,.T.);
#2747 = EDGE_LOOP('',(#2748));
#2748 = ORIENTED_EDGE('',*,*,#2749,.F.);
#2749 = EDGE_CURVE('',#2750,#2750,#2752,.T.);
#2750 = VERTEX_POINT('',#2751);
#2751 = CARTESIAN_POINT('',(48.4,5.,10.6));
#2752 = CIRCLE('',#2753,0.9);
#2753 = AXIS2_PLACEMENT_3D('',#2754,#2755,#2756);
#2754 = CARTESIAN_POINT('',(47.5,5.,10.6));
#2755 = DIRECTION('',(0.,0.,1.));
#2756 = DIRECTION('',(1.,0.,0.));
#2757 = FACE_BOUND('',#2758,.T.);
#2758 = EDGE_LOOP('',(#2759));
#2759 = ORIENTED_EDGE('',*,*,#2760,.F.);
#2760 = EDGE_CURVE('',#2761,#2761,#2763,.T.);
#2761 = VERTEX_POINT('',#2762);
#2762 = CARTESIAN_POINT('',(63.25,18.3,10.6));
#2763 = CIRCLE('',#2764,3.75);
#2764 = AXIS2_PLACEMENT_3D('',#2765,#2766,#2767);
#2765 = CARTESIAN_POINT('',(59.5,18.3,10.6));
#2766 = DIRECTION('',(0.,0.,1.));
#2767 = DIRECTION('',(1.,0.,0.));
#2768 = FACE_BOUND('',#2769,.T.);
#2769 = EDGE_LOOP('',(#2770,#2780,#2788,#2796));
#2770 = ORIENTED_EDGE('',*,*,#2771,.T.);
#2771 = EDGE_CURVE('',#2772,#2774,#2776,.T.);
#2772 = VERTEX_POINT('',#2773);
#2773 = CARTESIAN_POINT('',(44.,29.5,10.6));
#2774 = VERTEX_POINT('',#2775);
#2775 = CARTESIAN_POINT('',(18.,29.5,10.6));
#2776 = LINE('',#2777,#2778);
#2777 = CARTESIAN_POINT('',(7.5,29.5,10.6));
#2778 = VECTOR('',#2779,1.);
#2779 = DIRECTION('',(-1.,0.,0.));
#2780 = ORIENTED_EDGE('',*,*,#2781,.T.);
#2781 = EDGE_CURVE('',#2774,#2782,#2784,.T.);
#2782 = VERTEX_POINT('',#2783);
#2783 = CARTESIAN_POINT('',(18.,44.5,10.6));
#2784 = LINE('',#2785,#2786);
#2785 = CARTESIAN_POINT('',(18.,13.25,10.6));
#2786 = VECTOR('',#2787,1.);
#2787 = DIRECTION('',(0.,1.,0.));
#2788 = ORIENTED_EDGE('',*,*,#2789,.F.);
#2789 = EDGE_CURVE('',#2790,#2782,#2792,.T.);
#2790 = VERTEX_POINT('',#2791);
#2791 = CARTESIAN_POINT('',(44.,44.5,10.6));
#2792 = LINE('',#2793,#2794);
#2793 = CARTESIAN_POINT('',(7.5,44.5,10.6));
#2794 = VECTOR('',#2795,1.);
#2795 = DIRECTION('',(-1.,0.,0.));
#2796 = ORIENTED_EDGE('',*,*,#2797,.F.);
#2797 = EDGE_CURVE('',#2772,#2790,#2798,.T.);
#2798 = LINE('',#2799,#2800);
#2799 = CARTESIAN_POINT('',(44.,13.25,10.6));
#2800 = VECTOR('',#2801,1.);
#2801 = DIRECTION('',(0.,1.,0.));
#2802 = FACE_BOUND('',#2803,.T.);
#2803 = EDGE_LOOP('',(#2804,#2814,#2822,#2830));
#2804 = ORIENTED_EDGE('',*,*,#2805,.T.);
#2805 = EDGE_CURVE('',#2806,#2808,#2810,.T.);
#2806 = VERTEX_POINT('',#2807);
#2807 = CARTESIAN_POINT('',(72.,45.6,10.6));
#2808 = VERTEX_POINT('',#2809);
#2809 = CARTESIAN_POINT('',(48.,45.6,10.6));
#2810 = LINE('',#2811,#2812);
#2811 = CARTESIAN_POINT('',(22.5,45.6,10.6));
#2812 = VECTOR('',#2813,1.);
#2813 = DIRECTION('',(-1.,0.,0.));
#2814 = ORIENTED_EDGE('',*,*,#2815,.T.);
#2815 = EDGE_CURVE('',#2808,#2816,#2818,.T.);
#2816 = VERTEX_POINT('',#2817);
#2817 = CARTESIAN_POINT('',(48.,46.8,10.6));
#2818 = LINE('',#2819,#2820);
#2819 = CARTESIAN_POINT('',(48.,21.3,10.6));
#2820 = VECTOR('',#2821,1.);
#2821 = DIRECTION('',(0.,1.,0.));
#2822 = ORIENTED_EDGE('',*,*,#2823,.F.);
#2823 = EDGE_CURVE('',#2824,#2816,#2826,.T.);
#2824 = VERTEX_POINT('',#2825);
#2825 = CARTESIAN_POINT('',(72.,46.8,10.6));
#2826 = LINE('',#2827,#2828);
#2827 = CARTESIAN_POINT('',(22.5,46.8,10.6));
#2828 = VECTOR('',#2829,1.);
#2829 = DIRECTION('',(-1.,0.,0.));
#2830 = ORIENTED_EDGE('',*,*,#2831,.F.);
#2831 = EDGE_CURVE('',#2806,#2824,#2832,.T.);
#2832 = LINE('',#2833,#2834);
#2833 = CARTESIAN_POINT('',(72.,21.3,10.6));
#2834 = VECTOR('',#2835,1.);
#2835 = DIRECTION('',(0.,1.,0.));
#2836 = FACE_BOUND('',#2837,.T.);
#2837 = EDGE_LOOP('',(#2838,#2848,#2856,#2864));
#2838 = ORIENTED_EDGE('',*,*,#2839,.T.);
#2839 = EDGE_CURVE('',#2840,#2842,#2844,.T.);
#2840 = VERTEX_POINT('',#2841);
#2841 = CARTESIAN_POINT('',(72.,47.5,10.6));
#2842 = VERTEX_POINT('',#2843);
#2843 = CARTESIAN_POINT('',(48.,47.5,10.6));
#2844 = LINE('',#2845,#2846);
#2845 = CARTESIAN_POINT('',(22.5,47.5,10.6));
#2846 = VECTOR('',#2847,1.);
#2847 = DIRECTION('',(-1.,0.,0.));
#2848 = ORIENTED_EDGE('',*,*,#2849,.T.);
#2849 = EDGE_CURVE('',#2842,#2850,#2852,.T.);
#2850 = VERTEX_POINT('',#2851);
#2851 = CARTESIAN_POINT('',(48.,48.7,10.6));
#2852 = LINE('',#2853,#2854);
#2853 = CARTESIAN_POINT('',(48.,22.25,10.6));
#2854 = VECTOR('',#2855,1.);
#2855 = DIRECTION('',(0.,1.,0.));
#2856 = ORIENTED_EDGE('',*,*,#2857,.F.);
#2857 = EDGE_CURVE('',#2858,#2850,#2860,.T.);
#2858 = VERTEX_POINT('',#2859);
#2859 = CARTESIAN_POINT('',(72.,48.7,10.6));
#2860 = LINE('',#2861,#2862);
#2861 = CARTESIAN_POINT('',(22.5,48.7,10.6));
#2862 = VECTOR('',#2863,1.);
#2863 = DIRECTION('',(-1.,0.,0.));
#2864 = ORIENTED_EDGE('',*,*,#2865,.F.);
#2865 = EDGE_CURVE('',#2840,#2858,#2866,.T.);
#2866 = LINE('',#2867,#2868);
#2867 = CARTESIAN_POINT('',(72.,22.25,10.6));
#2868 = VECTOR('',#2869,1.);
#2869 = DIRECTION('',(0.,1.,0.));
#2870 = FACE_BOUND('',#2871,.T.);
#2871 = EDGE_LOOP('',(#2872,#2882,#2890,#2898));
#2872 = ORIENTED_EDGE('',*,*,#2873,.T.);
#2873 = EDGE_CURVE('',#2874,#2876,#2878,.T.);
#2874 = VERTEX_POINT('',#2875);
#2875 = CARTESIAN_POINT('',(72.,49.4,10.6));
#2876 = VERTEX_POINT('',#2877);
#2877 = CARTESIAN_POINT('',(48.,49.4,10.6));
#2878 = LINE('',#2879,#2880);
#2879 = CARTESIAN_POINT('',(22.5,49.4,10.6));
#2880 = VECTOR('',#2881,1.);
#2881 = DIRECTION('',(-1.,0.,0.));
#2882 = ORIENTED_EDGE('',*,*,#2883,.T.);
#2883 = EDGE_CURVE('',#2876,#2884,#2886,.T.);
#2884 = VERTEX_POINT('',#2885);
#2885 = CARTESIAN_POINT('',(48.,50.6,10.6));
#2886 = LINE('',#2887,#2888);
#2887 = CARTESIAN_POINT('',(48.,23.2,10.6));
#2888 = VECTOR('',#2889,1.);
#2889 = DIRECTION('',(0.,1.,0.));
#2890 = ORIENTED_EDGE('',*,*,#2891,.F.);
#2891 = EDGE_CURVE('',#2892,#2884,#2894,.T.);
#2892 = VERTEX_POINT('',#2893);
#2893 = CARTESIAN_POINT('',(72.,50.6,10.6));
#2894 = LINE('',#2895,#2896);
#2895 = CARTESIAN_POINT('',(22.5,50.6,10.6));
#2896 = VECTOR('',#2897,1.);
#2897 = DIRECTION('',(-1.,0.,0.));
#2898 = ORIENTED_EDGE('',*,*,#2899,.F.);
#2899 = EDGE_CURVE('',#2874,#2892,#2900,.T.);
#2900 = LINE('',#2901,#2902);
#2901 = CARTESIAN_POINT('',(72.,23.2,10.6));
#2902 = VECTOR('',#2903,1.);
#2903 = DIRECTION('',(0.,1.,0.));
#2904 = FACE_BOUND('',#2905,.T.);
#2905 = EDGE_LOOP('',(#2906,#2916,#2924,#2932));
#2906 = ORIENTED_EDGE('',*,*,#2907,.T.);
#2907 = EDGE_CURVE('',#2908,#2910,#2912,.T.);
#2908 = VERTEX_POINT('',#2909);
#2909 = CARTESIAN_POINT('',(72.,51.3,10.6));
#2910 = VERTEX_POINT('',#2911);
#2911 = CARTESIAN_POINT('',(48.,51.3,10.6));
#2912 = LINE('',#2913,#2914);
#2913 = CARTESIAN_POINT('',(22.5,51.3,10.6));
#2914 = VECTOR('',#2915,1.);
#2915 = DIRECTION('',(-1.,0.,0.));
#2916 = ORIENTED_EDGE('',*,*,#2917,.T.);
#2917 = EDGE_CURVE('',#2910,#2918,#2920,.T.);
#2918 = VERTEX_POINT('',#2919);
#2919 = CARTESIAN_POINT('',(48.,52.5,10.6));
#2920 = LINE('',#2921,#2922);
#2921 = CARTESIAN_POINT('',(48.,24.15,10.6));
#2922 = VECTOR('',#2923,1.);
#2923 = DIRECTION('',(0.,1.,0.));
#2924 = ORIENTED_EDGE('',*,*,#2925,.F.);
#2925 = EDGE_CURVE('',#2926,#2918,#2928,.T.);
#2926 = VERTEX_POINT('',#2927);
#2927 = CARTESIAN_POINT('',(72.,52.5,10.6));
#2928 = LINE('',#2929,#2930);
#2929 = CARTESIAN_POINT('',(22.5,52.5,10.6));
#2930 = VECTOR('',#2931,1.);
#2931 = DIRECTION('',(-1.,0.,0.));
#2932 = ORIENTED_EDGE('',*,*,#2933,.F.);
#2933 = EDGE_CURVE('',#2908,#2926,#2934,.T.);
#2934 = LINE('',#2935,#2936);
#2935 = CARTESIAN_POINT('',(72.,24.15,10.6));
#2936 = VECTOR('',#2937,1.);
#2937 = DIRECTION('',(0.,1.,0.));
#2938 = FACE_BOUND('',#2939,.T.);
#2939 = EDGE_LOOP('',(#2940,#2950,#2958,#2966));
#2940 = ORIENTED_EDGE('',*,*,#2941,.T.);
#2941 = EDGE_CURVE('',#2942,#2944,#2946,.T.);
#2942 = VERTEX_POINT('',#2943);
#2943 = CARTESIAN_POINT('',(72.,53.2,10.6));
#2944 = VERTEX_POINT('',#2945);
#2945 = CARTESIAN_POINT('',(48.,53.2,10.6));
#2946 = LINE('',#2947,#2948);
#2947 = CARTESIAN_POINT('',(22.5,53.2,10.6));
#2948 = VECTOR('',#2949,1.);
#2949 = DIRECTION('',(-1.,0.,0.));
#2950 = ORIENTED_EDGE('',*,*,#2951,.T.);
#2951 = EDGE_CURVE('',#2944,#2952,#2954,.T.);
#2952 = VERTEX_POINT('',#2953);
#2953 = CARTESIAN_POINT('',(48.,54.4,10.6));
#2954 = LINE('',#2955,#2956);
#2955 = CARTESIAN_POINT('',(48.,25.1,10.6));
#2956 = VECTOR('',#2957,1.);
#2957 = DIRECTION('',(0.,1.,0.));
#2958 = ORIENTED_EDGE('',*,*,#2959,.F.);
#2959 = EDGE_CURVE('',#2960,#2952,#2962,.T.);
#2960 = VERTEX_POINT('',#2961);
#2961 = CARTESIAN_POINT('',(72.,54.4,10.6));
#2962 = LINE('',#2963,#2964);
#2963 = CARTESIAN_POINT('',(22.5,54.4,10.6));
#2964 = VECTOR('',#2965,1.);
#2965 = DIRECTION('',(-1.,0.,0.));
#2966 = ORIENTED_EDGE('',*,*,#2967,.F.);
#2967 = EDGE_CURVE('',#2942,#2960,#2968,.T.);
#2968 = LINE('',#2969,#2970);
#2969 = CARTESIAN_POINT('',(72.,25.1,10.6));
#2970 = VECTOR('',#2971,1.);
#2971 = DIRECTION('',(0.,1.,0.));
#2972 = PLANE('',#2973);
#2973 = AXIS2_PLACEMENT_3D('',#2974,#2975,#2976);
#2974 = CARTESIAN_POINT('',(-3.,-3.,10.6));
#2975 = DIRECTION('',(0.,0.,1.));
#2976 = DIRECTION('',(1.,0.,0.));
#2977 = ADVANCED_FACE('',(#2978),#2989,.T.);
#2978 = FACE_BOUND('',#2979,.T.);
#2979 = EDGE_LOOP('',(#2980,#2981,#2982,#2988));
#2980 = ORIENTED_EDGE('',*,*,#2437,.T.);
#2981 = ORIENTED_EDGE('',*,*,#2663,.T.);
#2982 = ORIENTED_EDGE('',*,*,#2983,.T.);
#2983 = EDGE_CURVE('',#2656,#2551,#2984,.T.);
#2984 = LINE('',#2985,#2986);
#2985 = CARTESIAN_POINT('',(-1.580364146373,56.46975214339,
    10.33024785661));
#2986 = VECTOR('',#2987,1.);
#2987 = DIRECTION('',(-0.281084637715,0.678598344546,-0.678598344546));
#2988 = ORIENTED_EDGE('',*,*,#2550,.F.);
#2989 = PLANE('',#2990);
#2990 = AXIS2_PLACEMENT_3D('',#2991,#2992,#2993);
#2991 = CARTESIAN_POINT('',(-2.717157287525,55.517157287525,10.2));
#2992 = DIRECTION('',(-0.5,0.5,0.707106781187));
#2993 = DIRECTION('',(0.707106781187,0.707106781187,0.));
#2994 = ADVANCED_FACE('',(#2995),#3013,.T.);
#2995 = FACE_BOUND('',#2996,.T.);
#2996 = EDGE_LOOP('',(#2997,#2998,#3006,#3012));
#2997 = ORIENTED_EDGE('',*,*,#2558,.T.);
#2998 = ORIENTED_EDGE('',*,*,#2999,.T.);
#2999 = EDGE_CURVE('',#2551,#3000,#3002,.T.);
#3000 = VERTEX_POINT('',#3001);
#3001 = CARTESIAN_POINT('',(81.8,57.,9.8));
#3002 = LINE('',#3003,#3004);
#3003 = CARTESIAN_POINT('',(-1.8,57.,9.8));
#3004 = VECTOR('',#3005,1.);
#3005 = DIRECTION('',(1.,0.,0.));
#3006 = ORIENTED_EDGE('',*,*,#3007,.F.);
#3007 = EDGE_CURVE('',#2486,#3000,#3008,.T.);
#3008 = LINE('',#3009,#3010);
#3009 = CARTESIAN_POINT('',(81.8,57.,2.6));
#3010 = VECTOR('',#3011,1.);
#3011 = DIRECTION('',(0.,0.,1.));
#3012 = ORIENTED_EDGE('',*,*,#2493,.F.);
#3013 = PLANE('',#3014);
#3014 = AXIS2_PLACEMENT_3D('',#3015,#3016,#3017);
#3015 = CARTESIAN_POINT('',(-3.,57.,2.6));
#3016 = DIRECTION('',(0.,1.,0.));
#3017 = DIRECTION('',(0.,0.,1.));
#3018 = ADVANCED_FACE('',(#3019),#3037,.F.);
#3019 = FACE_BOUND('',#3020,.T.);
#3020 = EDGE_LOOP('',(#3021,#3029,#3035,#3036));
#3021 = ORIENTED_EDGE('',*,*,#3022,.T.);
#3022 = EDGE_CURVE('',#2470,#3023,#3025,.T.);
#3023 = VERTEX_POINT('',#3024);
#3024 = CARTESIAN_POINT('',(83.,-1.8,9.8));
#3025 = LINE('',#3026,#3027);
#3026 = CARTESIAN_POINT('',(83.,-1.8,2.6));
#3027 = VECTOR('',#3028,1.);
#3028 = DIRECTION('',(0.,0.,1.));
#3029 = ORIENTED_EDGE('',*,*,#3030,.T.);
#3030 = EDGE_CURVE('',#3023,#2599,#3031,.T.);
#3031 = LINE('',#3032,#3033);
#3032 = CARTESIAN_POINT('',(83.,-1.8,9.8));
#3033 = VECTOR('',#3034,1.);
#3034 = DIRECTION('',(-0.707106781187,-0.707106781187,0.));
#3035 = ORIENTED_EDGE('',*,*,#2606,.F.);
#3036 = ORIENTED_EDGE('',*,*,#2469,.F.);
#3037 = PLANE('',#3038);
#3038 = AXIS2_PLACEMENT_3D('',#3039,#3040,#3041);
#3039 = CARTESIAN_POINT('',(82.4,-2.4,2.6));
#3040 = DIRECTION('',(-0.707106781187,0.707106781187,0.));
#3041 = DIRECTION('',(-0.,-0.,-1.));
#3042 = ADVANCED_FACE('',(#3043),#3061,.T.);
#3043 = FACE_BOUND('',#3044,.F.);
#3044 = EDGE_LOOP('',(#3045,#3053,#3059,#3060));
#3045 = ORIENTED_EDGE('',*,*,#3046,.T.);
#3046 = EDGE_CURVE('',#2478,#3047,#3049,.T.);
#3047 = VERTEX_POINT('',#3048);
#3048 = CARTESIAN_POINT('',(83.,55.8,9.8));
#3049 = LINE('',#3050,#3051);
#3050 = CARTESIAN_POINT('',(83.,55.8,2.6));
#3051 = VECTOR('',#3052,1.);
#3052 = DIRECTION('',(0.,0.,1.));
#3053 = ORIENTED_EDGE('',*,*,#3054,.T.);
#3054 = EDGE_CURVE('',#3047,#3000,#3055,.T.);
#3055 = LINE('',#3056,#3057);
#3056 = CARTESIAN_POINT('',(83.,55.8,9.8));
#3057 = VECTOR('',#3058,1.);
#3058 = DIRECTION('',(-0.707106781187,0.707106781187,0.));
#3059 = ORIENTED_EDGE('',*,*,#3007,.F.);
#3060 = ORIENTED_EDGE('',*,*,#2485,.F.);
#3061 = PLANE('',#3062);
#3062 = AXIS2_PLACEMENT_3D('',#3063,#3064,#3065);
#3063 = CARTESIAN_POINT('',(82.4,56.4,2.6));
#3064 = DIRECTION('',(0.707106781187,0.707106781187,0.));
#3065 = DIRECTION('',(0.,0.,-1.));
#3066 = ADVANCED_FACE('',(#3067),#3078,.T.);
#3067 = FACE_BOUND('',#3068,.T.);
#3068 = EDGE_LOOP('',(#3069,#3070,#3071,#3072));
#3069 = ORIENTED_EDGE('',*,*,#3022,.F.);
#3070 = ORIENTED_EDGE('',*,*,#2477,.T.);
#3071 = ORIENTED_EDGE('',*,*,#3046,.T.);
#3072 = ORIENTED_EDGE('',*,*,#3073,.F.);
#3073 = EDGE_CURVE('',#3023,#3047,#3074,.T.);
#3074 = LINE('',#3075,#3076);
#3075 = CARTESIAN_POINT('',(83.,-1.8,9.8));
#3076 = VECTOR('',#3077,1.);
#3077 = DIRECTION('',(0.,1.,0.));
#3078 = PLANE('',#3079);
#3079 = AXIS2_PLACEMENT_3D('',#3080,#3081,#3082);
#3080 = CARTESIAN_POINT('',(83.,-3.,2.6));
#3081 = DIRECTION('',(1.,0.,0.));
#3082 = DIRECTION('',(0.,0.,1.));
#3083 = ADVANCED_FACE('',(#3084),#3109,.F.);
#3084 = FACE_BOUND('',#3085,.F.);
#3085 = EDGE_LOOP('',(#3086,#3094,#3102,#3108));
#3086 = ORIENTED_EDGE('',*,*,#3087,.F.);
#3087 = EDGE_CURVE('',#3088,#2510,#3090,.T.);
#3088 = VERTEX_POINT('',#3089);
#3089 = CARTESIAN_POINT('',(81.25,-1.25,1.7));
#3090 = LINE('',#3091,#3092);
#3091 = CARTESIAN_POINT('',(81.25,-1.25,1.7));
#3092 = VECTOR('',#3093,1.);
#3093 = DIRECTION('',(0.,0.,1.));
#3094 = ORIENTED_EDGE('',*,*,#3095,.F.);
#3095 = EDGE_CURVE('',#3096,#3088,#3098,.T.);
#3096 = VERTEX_POINT('',#3097);
#3097 = CARTESIAN_POINT('',(-1.25,-1.25,1.7));
#3098 = LINE('',#3099,#3100);
#3099 = CARTESIAN_POINT('',(-1.25,-1.25,1.7));
#3100 = VECTOR('',#3101,1.);
#3101 = DIRECTION('',(1.,0.,0.));
#3102 = ORIENTED_EDGE('',*,*,#3103,.T.);
#3103 = EDGE_CURVE('',#3096,#2512,#3104,.T.);
#3104 = LINE('',#3105,#3106);
#3105 = CARTESIAN_POINT('',(-1.25,-1.25,1.7));
#3106 = VECTOR('',#3107,1.);
#3107 = DIRECTION('',(0.,0.,1.));
#3108 = ORIENTED_EDGE('',*,*,#2509,.F.);
#3109 = PLANE('',#3110);
#3110 = AXIS2_PLACEMENT_3D('',#3111,#3112,#3113);
#3111 = CARTESIAN_POINT('',(-1.25,-1.25,1.7));
#3112 = DIRECTION('',(0.,1.,0.));
#3113 = DIRECTION('',(0.,0.,1.));
#3114 = ADVANCED_FACE('',(#3115),#3133,.T.);
#3115 = FACE_BOUND('',#3116,.T.);
#3116 = EDGE_LOOP('',(#3117,#3118,#3126,#3132));
#3117 = ORIENTED_EDGE('',*,*,#3087,.F.);
#3118 = ORIENTED_EDGE('',*,*,#3119,.T.);
#3119 = EDGE_CURVE('',#3088,#3120,#3122,.T.);
#3120 = VERTEX_POINT('',#3121);
#3121 = CARTESIAN_POINT('',(81.25,55.25,1.7));
#3122 = LINE('',#3123,#3124);
#3123 = CARTESIAN_POINT('',(81.25,-1.25,1.7));
#3124 = VECTOR('',#3125,1.);
#3125 = DIRECTION('',(0.,1.,0.));
#3126 = ORIENTED_EDGE('',*,*,#3127,.T.);
#3127 = EDGE_CURVE('',#3120,#2528,#3128,.T.);
#3128 = LINE('',#3129,#3130);
#3129 = CARTESIAN_POINT('',(81.25,55.25,1.7));
#3130 = VECTOR('',#3131,1.);
#3131 = DIRECTION('',(0.,0.,1.));
#3132 = ORIENTED_EDGE('',*,*,#2535,.F.);
#3133 = PLANE('',#3134);
#3134 = AXIS2_PLACEMENT_3D('',#3135,#3136,#3137);
#3135 = CARTESIAN_POINT('',(81.25,-1.25,1.7));
#3136 = DIRECTION('',(1.,0.,0.));
#3137 = DIRECTION('',(0.,0.,1.));
#3138 = ADVANCED_FACE('',(#3139),#3157,.T.);
#3139 = FACE_BOUND('',#3140,.T.);
#3140 = EDGE_LOOP('',(#3141,#3142,#3150,#3156));
#3141 = ORIENTED_EDGE('',*,*,#3127,.F.);
#3142 = ORIENTED_EDGE('',*,*,#3143,.F.);
#3143 = EDGE_CURVE('',#3144,#3120,#3146,.T.);
#3144 = VERTEX_POINT('',#3145);
#3145 = CARTESIAN_POINT('',(-1.25,55.25,1.7));
#3146 = LINE('',#3147,#3148);
#3147 = CARTESIAN_POINT('',(-1.25,55.25,1.7));
#3148 = VECTOR('',#3149,1.);
#3149 = DIRECTION('',(1.,0.,0.));
#3150 = ORIENTED_EDGE('',*,*,#3151,.T.);
#3151 = EDGE_CURVE('',#3144,#2520,#3152,.T.);
#3152 = LINE('',#3153,#3154);
#3153 = CARTESIAN_POINT('',(-1.25,55.25,1.7));
#3154 = VECTOR('',#3155,1.);
#3155 = DIRECTION('',(0.,0.,1.));
#3156 = ORIENTED_EDGE('',*,*,#2527,.F.);
#3157 = PLANE('',#3158);
#3158 = AXIS2_PLACEMENT_3D('',#3159,#3160,#3161);
#3159 = CARTESIAN_POINT('',(-1.25,55.25,1.7));
#3160 = DIRECTION('',(0.,1.,0.));
#3161 = DIRECTION('',(0.,0.,1.));
#3162 = ADVANCED_FACE('',(#3163),#3174,.F.);
#3163 = FACE_BOUND('',#3164,.F.);
#3164 = EDGE_LOOP('',(#3165,#3166,#3172,#3173));
#3165 = ORIENTED_EDGE('',*,*,#3103,.F.);
#3166 = ORIENTED_EDGE('',*,*,#3167,.T.);
#3167 = EDGE_CURVE('',#3096,#3144,#3168,.T.);
#3168 = LINE('',#3169,#3170);
#3169 = CARTESIAN_POINT('',(-1.25,-1.25,1.7));
#3170 = VECTOR('',#3171,1.);
#3171 = DIRECTION('',(0.,1.,0.));
#3172 = ORIENTED_EDGE('',*,*,#3151,.T.);
#3173 = ORIENTED_EDGE('',*,*,#2519,.F.);
#3174 = PLANE('',#3175);
#3175 = AXIS2_PLACEMENT_3D('',#3176,#3177,#3178);
#3176 = CARTESIAN_POINT('',(-1.25,-1.25,1.7));
#3177 = DIRECTION('',(1.,0.,0.));
#3178 = DIRECTION('',(0.,0.,1.));
#3179 = ADVANCED_FACE('',(#3180),#3191,.F.);
#3180 = FACE_BOUND('',#3181,.F.);
#3181 = EDGE_LOOP('',(#3182,#3183,#3184,#3190));
#3182 = ORIENTED_EDGE('',*,*,#2582,.F.);
#3183 = ORIENTED_EDGE('',*,*,#2623,.T.);
#3184 = ORIENTED_EDGE('',*,*,#3185,.T.);
#3185 = EDGE_CURVE('',#2624,#2599,#3186,.T.);
#3186 = LINE('',#3187,#3188);
#3187 = CARTESIAN_POINT('',(78.277805771595,5.503329075527,
    18.303329075527));
#3188 = VECTOR('',#3189,1.);
#3189 = DIRECTION('',(0.281084637715,-0.678598344546,-0.678598344546));
#3190 = ORIENTED_EDGE('',*,*,#2598,.F.);
#3191 = PLANE('',#3192);
#3192 = AXIS2_PLACEMENT_3D('',#3193,#3194,#3195);
#3193 = CARTESIAN_POINT('',(-1.8,-2.6,10.2));
#3194 = DIRECTION('',(6.983161618628E-18,0.707106781187,-0.707106781187)
  );
#3195 = DIRECTION('',(1.,-4.937840934654E-18,4.937840934654E-18));
#3196 = ADVANCED_FACE('',(#3197),#3208,.T.);
#3197 = FACE_BOUND('',#3198,.T.);
#3198 = EDGE_LOOP('',(#3199,#3200,#3201,#3207));
#3199 = ORIENTED_EDGE('',*,*,#2983,.F.);
#3200 = ORIENTED_EDGE('',*,*,#2655,.T.);
#3201 = ORIENTED_EDGE('',*,*,#3202,.T.);
#3202 = EDGE_CURVE('',#2648,#3000,#3203,.T.);
#3203 = LINE('',#3204,#3205);
#3204 = CARTESIAN_POINT('',(78.277805771595,48.496670924473,
    18.303329075527));
#3205 = VECTOR('',#3206,1.);
#3206 = DIRECTION('',(0.281084637715,0.678598344546,-0.678598344546));
#3207 = ORIENTED_EDGE('',*,*,#2999,.F.);
#3208 = PLANE('',#3209);
#3209 = AXIS2_PLACEMENT_3D('',#3210,#3211,#3212);
#3210 = CARTESIAN_POINT('',(-1.8,56.6,10.2));
#3211 = DIRECTION('',(-6.983161618628E-18,0.707106781187,0.707106781187)
  );
#3212 = DIRECTION('',(1.,4.937840934654E-18,4.937840934654E-18));
#3213 = ADVANCED_FACE('',(#3214),#3225,.T.);
#3214 = FACE_BOUND('',#3215,.T.);
#3215 = EDGE_LOOP('',(#3216,#3222,#3223,#3224));
#3216 = ORIENTED_EDGE('',*,*,#3217,.F.);
#3217 = EDGE_CURVE('',#2632,#3023,#3218,.T.);
#3218 = LINE('',#3219,#3220);
#3219 = CARTESIAN_POINT('',(82.631603429424,-1.647405144136,
    10.168396570576));
#3220 = VECTOR('',#3221,1.);
#3221 = DIRECTION('',(0.678598344546,-0.281084637715,-0.678598344546));
#3222 = ORIENTED_EDGE('',*,*,#2631,.T.);
#3223 = ORIENTED_EDGE('',*,*,#3185,.T.);
#3224 = ORIENTED_EDGE('',*,*,#3030,.F.);
#3225 = PLANE('',#3226);
#3226 = AXIS2_PLACEMENT_3D('',#3227,#3228,#3229);
#3227 = CARTESIAN_POINT('',(82.717157287525,-1.517157287525,10.2));
#3228 = DIRECTION('',(0.5,-0.5,0.707106781187));
#3229 = DIRECTION('',(-0.707106781187,-0.707106781187,1.942890293094E-16
    ));
#3230 = ADVANCED_FACE('',(#3231),#3242,.F.);
#3231 = FACE_BOUND('',#3232,.F.);
#3232 = EDGE_LOOP('',(#3233,#3239,#3240,#3241));
#3233 = ORIENTED_EDGE('',*,*,#3234,.F.);
#3234 = EDGE_CURVE('',#2640,#3047,#3235,.T.);
#3235 = LINE('',#3236,#3237);
#3236 = CARTESIAN_POINT('',(77.138188618304,53.371958225629,
    15.661811381696));
#3237 = VECTOR('',#3238,1.);
#3238 = DIRECTION('',(0.678598344546,0.281084637715,-0.678598344546));
#3239 = ORIENTED_EDGE('',*,*,#2647,.T.);
#3240 = ORIENTED_EDGE('',*,*,#3202,.T.);
#3241 = ORIENTED_EDGE('',*,*,#3054,.F.);
#3242 = PLANE('',#3243);
#3243 = AXIS2_PLACEMENT_3D('',#3244,#3245,#3246);
#3244 = CARTESIAN_POINT('',(82.717157287525,55.517157287525,10.2));
#3245 = DIRECTION('',(-0.5,-0.5,-0.707106781187));
#3246 = DIRECTION('',(-0.707106781187,0.707106781187,-5.551115123126E-17
    ));
#3247 = ADVANCED_FACE('',(#3248),#3254,.T.);
#3248 = FACE_BOUND('',#3249,.F.);
#3249 = EDGE_LOOP('',(#3250,#3251,#3252,#3253));
#3250 = ORIENTED_EDGE('',*,*,#3217,.F.);
#3251 = ORIENTED_EDGE('',*,*,#2639,.T.);
#3252 = ORIENTED_EDGE('',*,*,#3234,.T.);
#3253 = ORIENTED_EDGE('',*,*,#3073,.F.);
#3254 = PLANE('',#3255);
#3255 = AXIS2_PLACEMENT_3D('',#3256,#3257,#3258);
#3256 = CARTESIAN_POINT('',(82.6,-1.8,10.2));
#3257 = DIRECTION('',(0.707106781187,6.983161618628E-18,0.707106781187)
  );
#3258 = DIRECTION('',(4.937840934654E-18,-1.,4.937840934654E-18));
#3259 = ADVANCED_FACE('',(#3260),#3285,.T.);
#3260 = FACE_BOUND('',#3261,.T.);
#3261 = EDGE_LOOP('',(#3262,#3270,#3278,#3284));
#3262 = ORIENTED_EDGE('',*,*,#3263,.F.);
#3263 = EDGE_CURVE('',#3264,#2672,#3266,.T.);
#3264 = VERTEX_POINT('',#3265);
#3265 = CARTESIAN_POINT('',(27.8,1.8,9.1));
#3266 = LINE('',#3267,#3268);
#3267 = CARTESIAN_POINT('',(27.8,1.8,8.5));
#3268 = VECTOR('',#3269,1.);
#3269 = DIRECTION('',(0.,0.,1.));
#3270 = ORIENTED_EDGE('',*,*,#3271,.T.);
#3271 = EDGE_CURVE('',#3264,#3272,#3274,.T.);
#3272 = VERTEX_POINT('',#3273);
#3273 = CARTESIAN_POINT('',(20.2,1.8,9.1));
#3274 = LINE('',#3275,#3276);
#3275 = CARTESIAN_POINT('',(9.6,1.8,9.1));
#3276 = VECTOR('',#3277,1.);
#3277 = DIRECTION('',(-1.,0.,0.));
#3278 = ORIENTED_EDGE('',*,*,#3279,.T.);
#3279 = EDGE_CURVE('',#3272,#2674,#3280,.T.);
#3280 = LINE('',#3281,#3282);
#3281 = CARTESIAN_POINT('',(20.2,1.8,8.5));
#3282 = VECTOR('',#3283,1.);
#3283 = DIRECTION('',(0.,0.,1.));
#3284 = ORIENTED_EDGE('',*,*,#2671,.F.);
#3285 = PLANE('',#3286);
#3286 = AXIS2_PLACEMENT_3D('',#3287,#3288,#3289);
#3287 = CARTESIAN_POINT('',(20.2,1.8,8.5));
#3288 = DIRECTION('',(0.,1.,0.));
#3289 = DIRECTION('',(0.,0.,1.));
#3290 = ADVANCED_FACE('',(#3291),#3309,.F.);
#3291 = FACE_BOUND('',#3292,.F.);
#3292 = EDGE_LOOP('',(#3293,#3294,#3302,#3308));
#3293 = ORIENTED_EDGE('',*,*,#3263,.F.);
#3294 = ORIENTED_EDGE('',*,*,#3295,.T.);
#3295 = EDGE_CURVE('',#3264,#3296,#3298,.T.);
#3296 = VERTEX_POINT('',#3297);
#3297 = CARTESIAN_POINT('',(27.8,5.2,9.1));
#3298 = LINE('',#3299,#3300);
#3299 = CARTESIAN_POINT('',(27.8,0.4,9.1));
#3300 = VECTOR('',#3301,1.);
#3301 = DIRECTION('',(0.,1.,0.));
#3302 = ORIENTED_EDGE('',*,*,#3303,.T.);
#3303 = EDGE_CURVE('',#3296,#2690,#3304,.T.);
#3304 = LINE('',#3305,#3306);
#3305 = CARTESIAN_POINT('',(27.8,5.2,8.5));
#3306 = VECTOR('',#3307,1.);
#3307 = DIRECTION('',(0.,0.,1.));
#3308 = ORIENTED_EDGE('',*,*,#2697,.F.);
#3309 = PLANE('',#3310);
#3310 = AXIS2_PLACEMENT_3D('',#3311,#3312,#3313);
#3311 = CARTESIAN_POINT('',(27.8,1.8,8.5));
#3312 = DIRECTION('',(1.,0.,0.));
#3313 = DIRECTION('',(0.,0.,1.));
#3314 = ADVANCED_FACE('',(#3315),#3333,.T.);
#3315 = FACE_BOUND('',#3316,.T.);
#3316 = EDGE_LOOP('',(#3317,#3318,#3326,#3332));
#3317 = ORIENTED_EDGE('',*,*,#3279,.F.);
#3318 = ORIENTED_EDGE('',*,*,#3319,.T.);
#3319 = EDGE_CURVE('',#3272,#3320,#3322,.T.);
#3320 = VERTEX_POINT('',#3321);
#3321 = CARTESIAN_POINT('',(20.2,5.2,9.1));
#3322 = LINE('',#3323,#3324);
#3323 = CARTESIAN_POINT('',(20.2,0.4,9.1));
#3324 = VECTOR('',#3325,1.);
#3325 = DIRECTION('',(0.,1.,0.));
#3326 = ORIENTED_EDGE('',*,*,#3327,.T.);
#3327 = EDGE_CURVE('',#3320,#2682,#3328,.T.);
#3328 = LINE('',#3329,#3330);
#3329 = CARTESIAN_POINT('',(20.2,5.2,8.5));
#3330 = VECTOR('',#3331,1.);
#3331 = DIRECTION('',(0.,0.,1.));
#3332 = ORIENTED_EDGE('',*,*,#2681,.F.);
#3333 = PLANE('',#3334);
#3334 = AXIS2_PLACEMENT_3D('',#3335,#3336,#3337);
#3335 = CARTESIAN_POINT('',(20.2,1.8,8.5));
#3336 = DIRECTION('',(1.,0.,0.));
#3337 = DIRECTION('',(0.,0.,1.));
#3338 = ADVANCED_FACE('',(#3339),#3350,.F.);
#3339 = FACE_BOUND('',#3340,.F.);
#3340 = EDGE_LOOP('',(#3341,#3342,#3348,#3349));
#3341 = ORIENTED_EDGE('',*,*,#3303,.F.);
#3342 = ORIENTED_EDGE('',*,*,#3343,.T.);
#3343 = EDGE_CURVE('',#3296,#3320,#3344,.T.);
#3344 = LINE('',#3345,#3346);
#3345 = CARTESIAN_POINT('',(9.6,5.2,9.1));
#3346 = VECTOR('',#3347,1.);
#3347 = DIRECTION('',(-1.,0.,0.));
#3348 = ORIENTED_EDGE('',*,*,#3327,.T.);
#3349 = ORIENTED_EDGE('',*,*,#2689,.F.);
#3350 = PLANE('',#3351);
#3351 = AXIS2_PLACEMENT_3D('',#3352,#3353,#3354);
#3352 = CARTESIAN_POINT('',(20.2,5.2,8.5));
#3353 = DIRECTION('',(0.,1.,0.));
#3354 = DIRECTION('',(0.,0.,1.));
#3355 = ADVANCED_FACE('',(#3356),#3375,.F.);
#3356 = FACE_BOUND('',#3357,.F.);
#3357 = EDGE_LOOP('',(#3358,#3359,#3367,#3374));
#3358 = ORIENTED_EDGE('',*,*,#2705,.F.);
#3359 = ORIENTED_EDGE('',*,*,#3360,.F.);
#3360 = EDGE_CURVE('',#3361,#2706,#3363,.T.);
#3361 = VERTEX_POINT('',#3362);
#3362 = CARTESIAN_POINT('',(26.75,11.,9.1));
#3363 = LINE('',#3364,#3365);
#3364 = CARTESIAN_POINT('',(26.75,11.,8.5));
#3365 = VECTOR('',#3366,1.);
#3366 = DIRECTION('',(0.,0.,1.));
#3367 = ORIENTED_EDGE('',*,*,#3368,.T.);
#3368 = EDGE_CURVE('',#3361,#3361,#3369,.T.);
#3369 = CIRCLE('',#3370,2.75);
#3370 = AXIS2_PLACEMENT_3D('',#3371,#3372,#3373);
#3371 = CARTESIAN_POINT('',(24.,11.,9.1));
#3372 = DIRECTION('',(0.,0.,1.));
#3373 = DIRECTION('',(1.,0.,0.));
#3374 = ORIENTED_EDGE('',*,*,#3360,.T.);
#3375 = CYLINDRICAL_SURFACE('',#3376,2.75);
#3376 = AXIS2_PLACEMENT_3D('',#3377,#3378,#3379);
#3377 = CARTESIAN_POINT('',(24.,11.,8.5));
#3378 = DIRECTION('',(0.,0.,1.));
#3379 = DIRECTION('',(1.,0.,0.));
#3380 = ADVANCED_FACE('',(#3381),#3400,.F.);
#3381 = FACE_BOUND('',#3382,.F.);
#3382 = EDGE_LOOP('',(#3383,#3384,#3392,#3399));
#3383 = ORIENTED_EDGE('',*,*,#2716,.F.);
#3384 = ORIENTED_EDGE('',*,*,#3385,.F.);
#3385 = EDGE_CURVE('',#3386,#2717,#3388,.T.);
#3386 = VERTEX_POINT('',#3387);
#3387 = CARTESIAN_POINT('',(44.9,5.,9.1));
#3388 = LINE('',#3389,#3390);
#3389 = CARTESIAN_POINT('',(44.9,5.,8.5));
#3390 = VECTOR('',#3391,1.);
#3391 = DIRECTION('',(0.,0.,1.));
#3392 = ORIENTED_EDGE('',*,*,#3393,.T.);
#3393 = EDGE_CURVE('',#3386,#3386,#3394,.T.);
#3394 = CIRCLE('',#3395,0.9);
#3395 = AXIS2_PLACEMENT_3D('',#3396,#3397,#3398);
#3396 = CARTESIAN_POINT('',(44.,5.,9.1));
#3397 = DIRECTION('',(0.,0.,1.));
#3398 = DIRECTION('',(1.,0.,0.));
#3399 = ORIENTED_EDGE('',*,*,#3385,.T.);
#3400 = CYLINDRICAL_SURFACE('',#3401,0.9);
#3401 = AXIS2_PLACEMENT_3D('',#3402,#3403,#3404);
#3402 = CARTESIAN_POINT('',(44.,5.,8.5));
#3403 = DIRECTION('',(0.,0.,1.));
#3404 = DIRECTION('',(1.,0.,0.));
#3405 = ADVANCED_FACE('',(#3406),#3425,.F.);
#3406 = FACE_BOUND('',#3407,.F.);
#3407 = EDGE_LOOP('',(#3408,#3409,#3417,#3424));
#3408 = ORIENTED_EDGE('',*,*,#2727,.F.);
#3409 = ORIENTED_EDGE('',*,*,#3410,.F.);
#3410 = EDGE_CURVE('',#3411,#2728,#3413,.T.);
#3411 = VERTEX_POINT('',#3412);
#3412 = CARTESIAN_POINT('',(35.75,11.,9.1));
#3413 = LINE('',#3414,#3415);
#3414 = CARTESIAN_POINT('',(35.75,11.,8.5));
#3415 = VECTOR('',#3416,1.);
#3416 = DIRECTION('',(0.,0.,1.));
#3417 = ORIENTED_EDGE('',*,*,#3418,.T.);
#3418 = EDGE_CURVE('',#3411,#3411,#3419,.T.);
#3419 = CIRCLE('',#3420,2.75);
#3420 = AXIS2_PLACEMENT_3D('',#3421,#3422,#3423);
#3421 = CARTESIAN_POINT('',(33.,11.,9.1));
#3422 = DIRECTION('',(0.,0.,1.));
#3423 = DIRECTION('',(1.,0.,0.));
#3424 = ORIENTED_EDGE('',*,*,#3410,.T.);
#3425 = CYLINDRICAL_SURFACE('',#3426,2.75);
#3426 = AXIS2_PLACEMENT_3D('',#3427,#3428,#3429);
#3427 = CARTESIAN_POINT('',(33.,11.,8.5));
#3428 = DIRECTION('',(0.,0.,1.));
#3429 = DIRECTION('',(1.,0.,0.));
#3430 = ADVANCED_FACE('',(#3431),#3450,.F.);
#3431 = FACE_BOUND('',#3432,.F.);
#3432 = EDGE_LOOP('',(#3433,#3434,#3442,#3449));
#3433 = ORIENTED_EDGE('',*,*,#2738,.F.);
#3434 = ORIENTED_EDGE('',*,*,#3435,.F.);
#3435 = EDGE_CURVE('',#3436,#2739,#3438,.T.);
#3436 = VERTEX_POINT('',#3437);
#3437 = CARTESIAN_POINT('',(44.75,11.,9.1));
#3438 = LINE('',#3439,#3440);
#3439 = CARTESIAN_POINT('',(44.75,11.,8.5));
#3440 = VECTOR('',#3441,1.);
#3441 = DIRECTION('',(0.,0.,1.));
#3442 = ORIENTED_EDGE('',*,*,#3443,.T.);
#3443 = EDGE_CURVE('',#3436,#3436,#3444,.T.);
#3444 = CIRCLE('',#3445,2.75);
#3445 = AXIS2_PLACEMENT_3D('',#3446,#3447,#3448);
#3446 = CARTESIAN_POINT('',(42.,11.,9.1));
#3447 = DIRECTION('',(0.,0.,1.));
#3448 = DIRECTION('',(1.,0.,0.));
#3449 = ORIENTED_EDGE('',*,*,#3435,.T.);
#3450 = CYLINDRICAL_SURFACE('',#3451,2.75);
#3451 = AXIS2_PLACEMENT_3D('',#3452,#3453,#3454);
#3452 = CARTESIAN_POINT('',(42.,11.,8.5));
#3453 = DIRECTION('',(0.,0.,1.));
#3454 = DIRECTION('',(1.,0.,0.));
#3455 = ADVANCED_FACE('',(#3456),#3475,.F.);
#3456 = FACE_BOUND('',#3457,.F.);
#3457 = EDGE_LOOP('',(#3458,#3459,#3467,#3474));
#3458 = ORIENTED_EDGE('',*,*,#2749,.F.);
#3459 = ORIENTED_EDGE('',*,*,#3460,.F.);
#3460 = EDGE_CURVE('',#3461,#2750,#3463,.T.);
#3461 = VERTEX_POINT('',#3462);
#3462 = CARTESIAN_POINT('',(48.4,5.,9.1));
#3463 = LINE('',#3464,#3465);
#3464 = CARTESIAN_POINT('',(48.4,5.,8.5));
#3465 = VECTOR('',#3466,1.);
#3466 = DIRECTION('',(0.,0.,1.));
#3467 = ORIENTED_EDGE('',*,*,#3468,.T.);
#3468 = EDGE_CURVE('',#3461,#3461,#3469,.T.);
#3469 = CIRCLE('',#3470,0.9);
#3470 = AXIS2_PLACEMENT_3D('',#3471,#3472,#3473);
#3471 = CARTESIAN_POINT('',(47.5,5.,9.1));
#3472 = DIRECTION('',(0.,0.,1.));
#3473 = DIRECTION('',(1.,0.,0.));
#3474 = ORIENTED_EDGE('',*,*,#3460,.T.);
#3475 = CYLINDRICAL_SURFACE('',#3476,0.9);
#3476 = AXIS2_PLACEMENT_3D('',#3477,#3478,#3479);
#3477 = CARTESIAN_POINT('',(47.5,5.,8.5));
#3478 = DIRECTION('',(0.,0.,1.));
#3479 = DIRECTION('',(1.,0.,0.));
#3480 = ADVANCED_FACE('',(#3481),#3500,.F.);
#3481 = FACE_BOUND('',#3482,.F.);
#3482 = EDGE_LOOP('',(#3483,#3484,#3492,#3499));
#3483 = ORIENTED_EDGE('',*,*,#2760,.F.);
#3484 = ORIENTED_EDGE('',*,*,#3485,.F.);
#3485 = EDGE_CURVE('',#3486,#2761,#3488,.T.);
#3486 = VERTEX_POINT('',#3487);
#3487 = CARTESIAN_POINT('',(63.25,18.3,9.1));
#3488 = LINE('',#3489,#3490);
#3489 = CARTESIAN_POINT('',(63.25,18.3,8.5));
#3490 = VECTOR('',#3491,1.);
#3491 = DIRECTION('',(0.,0.,1.));
#3492 = ORIENTED_EDGE('',*,*,#3493,.T.);
#3493 = EDGE_CURVE('',#3486,#3486,#3494,.T.);
#3494 = CIRCLE('',#3495,3.75);
#3495 = AXIS2_PLACEMENT_3D('',#3496,#3497,#3498);
#3496 = CARTESIAN_POINT('',(59.5,18.3,9.1));
#3497 = DIRECTION('',(0.,0.,1.));
#3498 = DIRECTION('',(1.,0.,0.));
#3499 = ORIENTED_EDGE('',*,*,#3485,.T.);
#3500 = CYLINDRICAL_SURFACE('',#3501,3.75);
#3501 = AXIS2_PLACEMENT_3D('',#3502,#3503,#3504);
#3502 = CARTESIAN_POINT('',(59.5,18.3,8.5));
#3503 = DIRECTION('',(0.,0.,1.));
#3504 = DIRECTION('',(1.,0.,0.));
#3505 = ADVANCED_FACE('',(#3506),#3531,.T.);
#3506 = FACE_BOUND('',#3507,.T.);
#3507 = EDGE_LOOP('',(#3508,#3516,#3524,#3530));
#3508 = ORIENTED_EDGE('',*,*,#3509,.F.);
#3509 = EDGE_CURVE('',#3510,#2772,#3512,.T.);
#3510 = VERTEX_POINT('',#3511);
#3511 = CARTESIAN_POINT('',(44.,29.5,9.1));
#3512 = LINE('',#3513,#3514);
#3513 = CARTESIAN_POINT('',(44.,29.5,8.5));
#3514 = VECTOR('',#3515,1.);
#3515 = DIRECTION('',(0.,0.,1.));
#3516 = ORIENTED_EDGE('',*,*,#3517,.T.);
#3517 = EDGE_CURVE('',#3510,#3518,#3520,.T.);
#3518 = VERTEX_POINT('',#3519);
#3519 = CARTESIAN_POINT('',(18.,29.5,9.1));
#3520 = LINE('',#3521,#3522);
#3521 = CARTESIAN_POINT('',(8.5,29.5,9.1));
#3522 = VECTOR('',#3523,1.);
#3523 = DIRECTION('',(-1.,0.,0.));
#3524 = ORIENTED_EDGE('',*,*,#3525,.T.);
#3525 = EDGE_CURVE('',#3518,#2774,#3526,.T.);
#3526 = LINE('',#3527,#3528);
#3527 = CARTESIAN_POINT('',(18.,29.5,8.5));
#3528 = VECTOR('',#3529,1.);
#3529 = DIRECTION('',(0.,0.,1.));
#3530 = ORIENTED_EDGE('',*,*,#2771,.F.);
#3531 = PLANE('',#3532);
#3532 = AXIS2_PLACEMENT_3D('',#3533,#3534,#3535);
#3533 = CARTESIAN_POINT('',(18.,29.5,8.5));
#3534 = DIRECTION('',(0.,1.,0.));
#3535 = DIRECTION('',(0.,0.,1.));
#3536 = ADVANCED_FACE('',(#3537),#3555,.F.);
#3537 = FACE_BOUND('',#3538,.F.);
#3538 = EDGE_LOOP('',(#3539,#3540,#3548,#3554));
#3539 = ORIENTED_EDGE('',*,*,#3509,.F.);
#3540 = ORIENTED_EDGE('',*,*,#3541,.T.);
#3541 = EDGE_CURVE('',#3510,#3542,#3544,.T.);
#3542 = VERTEX_POINT('',#3543);
#3543 = CARTESIAN_POINT('',(44.,44.5,9.1));
#3544 = LINE('',#3545,#3546);
#3545 = CARTESIAN_POINT('',(44.,14.25,9.1));
#3546 = VECTOR('',#3547,1.);
#3547 = DIRECTION('',(0.,1.,0.));
#3548 = ORIENTED_EDGE('',*,*,#3549,.T.);
#3549 = EDGE_CURVE('',#3542,#2790,#3550,.T.);
#3550 = LINE('',#3551,#3552);
#3551 = CARTESIAN_POINT('',(44.,44.5,8.5));
#3552 = VECTOR('',#3553,1.);
#3553 = DIRECTION('',(0.,0.,1.));
#3554 = ORIENTED_EDGE('',*,*,#2797,.F.);
#3555 = PLANE('',#3556);
#3556 = AXIS2_PLACEMENT_3D('',#3557,#3558,#3559);
#3557 = CARTESIAN_POINT('',(44.,29.5,8.5));
#3558 = DIRECTION('',(1.,0.,0.));
#3559 = DIRECTION('',(0.,0.,1.));
#3560 = ADVANCED_FACE('',(#3561),#3579,.T.);
#3561 = FACE_BOUND('',#3562,.T.);
#3562 = EDGE_LOOP('',(#3563,#3564,#3572,#3578));
#3563 = ORIENTED_EDGE('',*,*,#3525,.F.);
#3564 = ORIENTED_EDGE('',*,*,#3565,.T.);
#3565 = EDGE_CURVE('',#3518,#3566,#3568,.T.);
#3566 = VERTEX_POINT('',#3567);
#3567 = CARTESIAN_POINT('',(18.,44.5,9.1));
#3568 = LINE('',#3569,#3570);
#3569 = CARTESIAN_POINT('',(18.,14.25,9.1));
#3570 = VECTOR('',#3571,1.);
#3571 = DIRECTION('',(0.,1.,0.));
#3572 = ORIENTED_EDGE('',*,*,#3573,.T.);
#3573 = EDGE_CURVE('',#3566,#2782,#3574,.T.);
#3574 = LINE('',#3575,#3576);
#3575 = CARTESIAN_POINT('',(18.,44.5,8.5));
#3576 = VECTOR('',#3577,1.);
#3577 = DIRECTION('',(0.,0.,1.));
#3578 = ORIENTED_EDGE('',*,*,#2781,.F.);
#3579 = PLANE('',#3580);
#3580 = AXIS2_PLACEMENT_3D('',#3581,#3582,#3583);
#3581 = CARTESIAN_POINT('',(18.,29.5,8.5));
#3582 = DIRECTION('',(1.,0.,0.));
#3583 = DIRECTION('',(0.,0.,1.));
#3584 = ADVANCED_FACE('',(#3585),#3596,.F.);
#3585 = FACE_BOUND('',#3586,.F.);
#3586 = EDGE_LOOP('',(#3587,#3588,#3594,#3595));
#3587 = ORIENTED_EDGE('',*,*,#3549,.F.);
#3588 = ORIENTED_EDGE('',*,*,#3589,.T.);
#3589 = EDGE_CURVE('',#3542,#3566,#3590,.T.);
#3590 = LINE('',#3591,#3592);
#3591 = CARTESIAN_POINT('',(8.5,44.5,9.1));
#3592 = VECTOR('',#3593,1.);
#3593 = DIRECTION('',(-1.,0.,0.));
#3594 = ORIENTED_EDGE('',*,*,#3573,.T.);
#3595 = ORIENTED_EDGE('',*,*,#2789,.F.);
#3596 = PLANE('',#3597);
#3597 = AXIS2_PLACEMENT_3D('',#3598,#3599,#3600);
#3598 = CARTESIAN_POINT('',(18.,44.5,8.5));
#3599 = DIRECTION('',(0.,1.,0.));
#3600 = DIRECTION('',(0.,0.,1.));
#3601 = ADVANCED_FACE('',(#3602),#3627,.T.);
#3602 = FACE_BOUND('',#3603,.T.);
#3603 = EDGE_LOOP('',(#3604,#3612,#3620,#3626));
#3604 = ORIENTED_EDGE('',*,*,#3605,.F.);
#3605 = EDGE_CURVE('',#3606,#2806,#3608,.T.);
#3606 = VERTEX_POINT('',#3607);
#3607 = CARTESIAN_POINT('',(72.,45.6,9.9));
#3608 = LINE('',#3609,#3610);
#3609 = CARTESIAN_POINT('',(72.,45.6,9.9));
#3610 = VECTOR('',#3611,1.);
#3611 = DIRECTION('',(0.,0.,1.));
#3612 = ORIENTED_EDGE('',*,*,#3613,.F.);
#3613 = EDGE_CURVE('',#3614,#3606,#3616,.T.);
#3614 = VERTEX_POINT('',#3615);
#3615 = CARTESIAN_POINT('',(48.,45.6,9.9));
#3616 = LINE('',#3617,#3618);
#3617 = CARTESIAN_POINT('',(48.,45.6,9.9));
#3618 = VECTOR('',#3619,1.);
#3619 = DIRECTION('',(1.,0.,0.));
#3620 = ORIENTED_EDGE('',*,*,#3621,.T.);
#3621 = EDGE_CURVE('',#3614,#2808,#3622,.T.);
#3622 = LINE('',#3623,#3624);
#3623 = CARTESIAN_POINT('',(48.,45.6,9.9));
#3624 = VECTOR('',#3625,1.);
#3625 = DIRECTION('',(0.,0.,1.));
#3626 = ORIENTED_EDGE('',*,*,#2805,.F.);
#3627 = PLANE('',#3628);
#3628 = AXIS2_PLACEMENT_3D('',#3629,#3630,#3631);
#3629 = CARTESIAN_POINT('',(48.,45.6,9.9));
#3630 = DIRECTION('',(0.,1.,0.));
#3631 = DIRECTION('',(0.,0.,1.));
#3632 = ADVANCED_FACE('',(#3633),#3651,.F.);
#3633 = FACE_BOUND('',#3634,.F.);
#3634 = EDGE_LOOP('',(#3635,#3636,#3644,#3650));
#3635 = ORIENTED_EDGE('',*,*,#3605,.F.);
#3636 = ORIENTED_EDGE('',*,*,#3637,.T.);
#3637 = EDGE_CURVE('',#3606,#3638,#3640,.T.);
#3638 = VERTEX_POINT('',#3639);
#3639 = CARTESIAN_POINT('',(72.,46.8,9.9));
#3640 = LINE('',#3641,#3642);
#3641 = CARTESIAN_POINT('',(72.,45.6,9.9));
#3642 = VECTOR('',#3643,1.);
#3643 = DIRECTION('',(0.,1.,0.));
#3644 = ORIENTED_EDGE('',*,*,#3645,.T.);
#3645 = EDGE_CURVE('',#3638,#2824,#3646,.T.);
#3646 = LINE('',#3647,#3648);
#3647 = CARTESIAN_POINT('',(72.,46.8,9.9));
#3648 = VECTOR('',#3649,1.);
#3649 = DIRECTION('',(0.,0.,1.));
#3650 = ORIENTED_EDGE('',*,*,#2831,.F.);
#3651 = PLANE('',#3652);
#3652 = AXIS2_PLACEMENT_3D('',#3653,#3654,#3655);
#3653 = CARTESIAN_POINT('',(72.,45.6,9.9));
#3654 = DIRECTION('',(1.,0.,0.));
#3655 = DIRECTION('',(0.,0.,1.));
#3656 = ADVANCED_FACE('',(#3657),#3675,.T.);
#3657 = FACE_BOUND('',#3658,.T.);
#3658 = EDGE_LOOP('',(#3659,#3660,#3668,#3674));
#3659 = ORIENTED_EDGE('',*,*,#3621,.F.);
#3660 = ORIENTED_EDGE('',*,*,#3661,.T.);
#3661 = EDGE_CURVE('',#3614,#3662,#3664,.T.);
#3662 = VERTEX_POINT('',#3663);
#3663 = CARTESIAN_POINT('',(48.,46.8,9.9));
#3664 = LINE('',#3665,#3666);
#3665 = CARTESIAN_POINT('',(48.,45.6,9.9));
#3666 = VECTOR('',#3667,1.);
#3667 = DIRECTION('',(0.,1.,0.));
#3668 = ORIENTED_EDGE('',*,*,#3669,.T.);
#3669 = EDGE_CURVE('',#3662,#2816,#3670,.T.);
#3670 = LINE('',#3671,#3672);
#3671 = CARTESIAN_POINT('',(48.,46.8,9.9));
#3672 = VECTOR('',#3673,1.);
#3673 = DIRECTION('',(0.,0.,1.));
#3674 = ORIENTED_EDGE('',*,*,#2815,.F.);
#3675 = PLANE('',#3676);
#3676 = AXIS2_PLACEMENT_3D('',#3677,#3678,#3679);
#3677 = CARTESIAN_POINT('',(48.,45.6,9.9));
#3678 = DIRECTION('',(1.,0.,0.));
#3679 = DIRECTION('',(0.,0.,1.));
#3680 = ADVANCED_FACE('',(#3681),#3692,.F.);
#3681 = FACE_BOUND('',#3682,.F.);
#3682 = EDGE_LOOP('',(#3683,#3684,#3690,#3691));
#3683 = ORIENTED_EDGE('',*,*,#3645,.F.);
#3684 = ORIENTED_EDGE('',*,*,#3685,.F.);
#3685 = EDGE_CURVE('',#3662,#3638,#3686,.T.);
#3686 = LINE('',#3687,#3688);
#3687 = CARTESIAN_POINT('',(48.,46.8,9.9));
#3688 = VECTOR('',#3689,1.);
#3689 = DIRECTION('',(1.,0.,0.));
#3690 = ORIENTED_EDGE('',*,*,#3669,.T.);
#3691 = ORIENTED_EDGE('',*,*,#2823,.F.);
#3692 = PLANE('',#3693);
#3693 = AXIS2_PLACEMENT_3D('',#3694,#3695,#3696);
#3694 = CARTESIAN_POINT('',(48.,46.8,9.9));
#3695 = DIRECTION('',(0.,1.,0.));
#3696 = DIRECTION('',(0.,0.,1.));
#3697 = ADVANCED_FACE('',(#3698),#3723,.T.);
#3698 = FACE_BOUND('',#3699,.T.);
#3699 = EDGE_LOOP('',(#3700,#3708,#3716,#3722));
#3700 = ORIENTED_EDGE('',*,*,#3701,.F.);
#3701 = EDGE_CURVE('',#3702,#2840,#3704,.T.);
#3702 = VERTEX_POINT('',#3703);
#3703 = CARTESIAN_POINT('',(72.,47.5,9.9));
#3704 = LINE('',#3705,#3706);
#3705 = CARTESIAN_POINT('',(72.,47.5,9.9));
#3706 = VECTOR('',#3707,1.);
#3707 = DIRECTION('',(0.,0.,1.));
#3708 = ORIENTED_EDGE('',*,*,#3709,.F.);
#3709 = EDGE_CURVE('',#3710,#3702,#3712,.T.);
#3710 = VERTEX_POINT('',#3711);
#3711 = CARTESIAN_POINT('',(48.,47.5,9.9));
#3712 = LINE('',#3713,#3714);
#3713 = CARTESIAN_POINT('',(48.,47.5,9.9));
#3714 = VECTOR('',#3715,1.);
#3715 = DIRECTION('',(1.,0.,0.));
#3716 = ORIENTED_EDGE('',*,*,#3717,.T.);
#3717 = EDGE_CURVE('',#3710,#2842,#3718,.T.);
#3718 = LINE('',#3719,#3720);
#3719 = CARTESIAN_POINT('',(48.,47.5,9.9));
#3720 = VECTOR('',#3721,1.);
#3721 = DIRECTION('',(0.,0.,1.));
#3722 = ORIENTED_EDGE('',*,*,#2839,.F.);
#3723 = PLANE('',#3724);
#3724 = AXIS2_PLACEMENT_3D('',#3725,#3726,#3727);
#3725 = CARTESIAN_POINT('',(48.,47.5,9.9));
#3726 = DIRECTION('',(0.,1.,0.));
#3727 = DIRECTION('',(0.,0.,1.));
#3728 = ADVANCED_FACE('',(#3729),#3747,.F.);
#3729 = FACE_BOUND('',#3730,.F.);
#3730 = EDGE_LOOP('',(#3731,#3732,#3740,#3746));
#3731 = ORIENTED_EDGE('',*,*,#3701,.F.);
#3732 = ORIENTED_EDGE('',*,*,#3733,.T.);
#3733 = EDGE_CURVE('',#3702,#3734,#3736,.T.);
#3734 = VERTEX_POINT('',#3735);
#3735 = CARTESIAN_POINT('',(72.,48.7,9.9));
#3736 = LINE('',#3737,#3738);
#3737 = CARTESIAN_POINT('',(72.,47.5,9.9));
#3738 = VECTOR('',#3739,1.);
#3739 = DIRECTION('',(0.,1.,0.));
#3740 = ORIENTED_EDGE('',*,*,#3741,.T.);
#3741 = EDGE_CURVE('',#3734,#2858,#3742,.T.);
#3742 = LINE('',#3743,#3744);
#3743 = CARTESIAN_POINT('',(72.,48.7,9.9));
#3744 = VECTOR('',#3745,1.);
#3745 = DIRECTION('',(0.,0.,1.));
#3746 = ORIENTED_EDGE('',*,*,#2865,.F.);
#3747 = PLANE('',#3748);
#3748 = AXIS2_PLACEMENT_3D('',#3749,#3750,#3751);
#3749 = CARTESIAN_POINT('',(72.,47.5,9.9));
#3750 = DIRECTION('',(1.,0.,0.));
#3751 = DIRECTION('',(0.,0.,1.));
#3752 = ADVANCED_FACE('',(#3753),#3771,.T.);
#3753 = FACE_BOUND('',#3754,.T.);
#3754 = EDGE_LOOP('',(#3755,#3756,#3764,#3770));
#3755 = ORIENTED_EDGE('',*,*,#3717,.F.);
#3756 = ORIENTED_EDGE('',*,*,#3757,.T.);
#3757 = EDGE_CURVE('',#3710,#3758,#3760,.T.);
#3758 = VERTEX_POINT('',#3759);
#3759 = CARTESIAN_POINT('',(48.,48.7,9.9));
#3760 = LINE('',#3761,#3762);
#3761 = CARTESIAN_POINT('',(48.,47.5,9.9));
#3762 = VECTOR('',#3763,1.);
#3763 = DIRECTION('',(0.,1.,0.));
#3764 = ORIENTED_EDGE('',*,*,#3765,.T.);
#3765 = EDGE_CURVE('',#3758,#2850,#3766,.T.);
#3766 = LINE('',#3767,#3768);
#3767 = CARTESIAN_POINT('',(48.,48.7,9.9));
#3768 = VECTOR('',#3769,1.);
#3769 = DIRECTION('',(0.,0.,1.));
#3770 = ORIENTED_EDGE('',*,*,#2849,.F.);
#3771 = PLANE('',#3772);
#3772 = AXIS2_PLACEMENT_3D('',#3773,#3774,#3775);
#3773 = CARTESIAN_POINT('',(48.,47.5,9.9));
#3774 = DIRECTION('',(1.,0.,0.));
#3775 = DIRECTION('',(0.,0.,1.));
#3776 = ADVANCED_FACE('',(#3777),#3788,.F.);
#3777 = FACE_BOUND('',#3778,.F.);
#3778 = EDGE_LOOP('',(#3779,#3780,#3786,#3787));
#3779 = ORIENTED_EDGE('',*,*,#3741,.F.);
#3780 = ORIENTED_EDGE('',*,*,#3781,.F.);
#3781 = EDGE_CURVE('',#3758,#3734,#3782,.T.);
#3782 = LINE('',#3783,#3784);
#3783 = CARTESIAN_POINT('',(48.,48.7,9.9));
#3784 = VECTOR('',#3785,1.);
#3785 = DIRECTION('',(1.,0.,0.));
#3786 = ORIENTED_EDGE('',*,*,#3765,.T.);
#3787 = ORIENTED_EDGE('',*,*,#2857,.F.);
#3788 = PLANE('',#3789);
#3789 = AXIS2_PLACEMENT_3D('',#3790,#3791,#3792);
#3790 = CARTESIAN_POINT('',(48.,48.7,9.9));
#3791 = DIRECTION('',(0.,1.,0.));
#3792 = DIRECTION('',(0.,0.,1.));
#3793 = ADVANCED_FACE('',(#3794),#3819,.T.);
#3794 = FACE_BOUND('',#3795,.T.);
#3795 = EDGE_LOOP('',(#3796,#3804,#3812,#3818));
#3796 = ORIENTED_EDGE('',*,*,#3797,.F.);
#3797 = EDGE_CURVE('',#3798,#2874,#3800,.T.);
#3798 = VERTEX_POINT('',#3799);
#3799 = CARTESIAN_POINT('',(72.,49.4,9.9));
#3800 = LINE('',#3801,#3802);
#3801 = CARTESIAN_POINT('',(72.,49.4,9.9));
#3802 = VECTOR('',#3803,1.);
#3803 = DIRECTION('',(0.,0.,1.));
#3804 = ORIENTED_EDGE('',*,*,#3805,.F.);
#3805 = EDGE_CURVE('',#3806,#3798,#3808,.T.);
#3806 = VERTEX_POINT('',#3807);
#3807 = CARTESIAN_POINT('',(48.,49.4,9.9));
#3808 = LINE('',#3809,#3810);
#3809 = CARTESIAN_POINT('',(48.,49.4,9.9));
#3810 = VECTOR('',#3811,1.);
#3811 = DIRECTION('',(1.,0.,0.));
#3812 = ORIENTED_EDGE('',*,*,#3813,.T.);
#3813 = EDGE_CURVE('',#3806,#2876,#3814,.T.);
#3814 = LINE('',#3815,#3816);
#3815 = CARTESIAN_POINT('',(48.,49.4,9.9));
#3816 = VECTOR('',#3817,1.);
#3817 = DIRECTION('',(0.,0.,1.));
#3818 = ORIENTED_EDGE('',*,*,#2873,.F.);
#3819 = PLANE('',#3820);
#3820 = AXIS2_PLACEMENT_3D('',#3821,#3822,#3823);
#3821 = CARTESIAN_POINT('',(48.,49.4,9.9));
#3822 = DIRECTION('',(0.,1.,0.));
#3823 = DIRECTION('',(0.,0.,1.));
#3824 = ADVANCED_FACE('',(#3825),#3843,.F.);
#3825 = FACE_BOUND('',#3826,.F.);
#3826 = EDGE_LOOP('',(#3827,#3828,#3836,#3842));
#3827 = ORIENTED_EDGE('',*,*,#3797,.F.);
#3828 = ORIENTED_EDGE('',*,*,#3829,.T.);
#3829 = EDGE_CURVE('',#3798,#3830,#3832,.T.);
#3830 = VERTEX_POINT('',#3831);
#3831 = CARTESIAN_POINT('',(72.,50.6,9.9));
#3832 = LINE('',#3833,#3834);
#3833 = CARTESIAN_POINT('',(72.,49.4,9.9));
#3834 = VECTOR('',#3835,1.);
#3835 = DIRECTION('',(0.,1.,0.));
#3836 = ORIENTED_EDGE('',*,*,#3837,.T.);
#3837 = EDGE_CURVE('',#3830,#2892,#3838,.T.);
#3838 = LINE('',#3839,#3840);
#3839 = CARTESIAN_POINT('',(72.,50.6,9.9));
#3840 = VECTOR('',#3841,1.);
#3841 = DIRECTION('',(0.,0.,1.));
#3842 = ORIENTED_EDGE('',*,*,#2899,.F.);
#3843 = PLANE('',#3844);
#3844 = AXIS2_PLACEMENT_3D('',#3845,#3846,#3847);
#3845 = CARTESIAN_POINT('',(72.,49.4,9.9));
#3846 = DIRECTION('',(1.,0.,0.));
#3847 = DIRECTION('',(0.,0.,1.));
#3848 = ADVANCED_FACE('',(#3849),#3867,.T.);
#3849 = FACE_BOUND('',#3850,.T.);
#3850 = EDGE_LOOP('',(#3851,#3852,#3860,#3866));
#3851 = ORIENTED_EDGE('',*,*,#3813,.F.);
#3852 = ORIENTED_EDGE('',*,*,#3853,.T.);
#3853 = EDGE_CURVE('',#3806,#3854,#3856,.T.);
#3854 = VERTEX_POINT('',#3855);
#3855 = CARTESIAN_POINT('',(48.,50.6,9.9));
#3856 = LINE('',#3857,#3858);
#3857 = CARTESIAN_POINT('',(48.,49.4,9.9));
#3858 = VECTOR('',#3859,1.);
#3859 = DIRECTION('',(0.,1.,0.));
#3860 = ORIENTED_EDGE('',*,*,#3861,.T.);
#3861 = EDGE_CURVE('',#3854,#2884,#3862,.T.);
#3862 = LINE('',#3863,#3864);
#3863 = CARTESIAN_POINT('',(48.,50.6,9.9));
#3864 = VECTOR('',#3865,1.);
#3865 = DIRECTION('',(0.,0.,1.));
#3866 = ORIENTED_EDGE('',*,*,#2883,.F.);
#3867 = PLANE('',#3868);
#3868 = AXIS2_PLACEMENT_3D('',#3869,#3870,#3871);
#3869 = CARTESIAN_POINT('',(48.,49.4,9.9));
#3870 = DIRECTION('',(1.,0.,0.));
#3871 = DIRECTION('',(0.,0.,1.));
#3872 = ADVANCED_FACE('',(#3873),#3884,.F.);
#3873 = FACE_BOUND('',#3874,.F.);
#3874 = EDGE_LOOP('',(#3875,#3876,#3882,#3883));
#3875 = ORIENTED_EDGE('',*,*,#3837,.F.);
#3876 = ORIENTED_EDGE('',*,*,#3877,.F.);
#3877 = EDGE_CURVE('',#3854,#3830,#3878,.T.);
#3878 = LINE('',#3879,#3880);
#3879 = CARTESIAN_POINT('',(48.,50.6,9.9));
#3880 = VECTOR('',#3881,1.);
#3881 = DIRECTION('',(1.,0.,0.));
#3882 = ORIENTED_EDGE('',*,*,#3861,.T.);
#3883 = ORIENTED_EDGE('',*,*,#2891,.F.);
#3884 = PLANE('',#3885);
#3885 = AXIS2_PLACEMENT_3D('',#3886,#3887,#3888);
#3886 = CARTESIAN_POINT('',(48.,50.6,9.9));
#3887 = DIRECTION('',(0.,1.,0.));
#3888 = DIRECTION('',(0.,0.,1.));
#3889 = ADVANCED_FACE('',(#3890),#3915,.T.);
#3890 = FACE_BOUND('',#3891,.T.);
#3891 = EDGE_LOOP('',(#3892,#3900,#3908,#3914));
#3892 = ORIENTED_EDGE('',*,*,#3893,.F.);
#3893 = EDGE_CURVE('',#3894,#2908,#3896,.T.);
#3894 = VERTEX_POINT('',#3895);
#3895 = CARTESIAN_POINT('',(72.,51.3,9.9));
#3896 = LINE('',#3897,#3898);
#3897 = CARTESIAN_POINT('',(72.,51.3,9.9));
#3898 = VECTOR('',#3899,1.);
#3899 = DIRECTION('',(0.,0.,1.));
#3900 = ORIENTED_EDGE('',*,*,#3901,.F.);
#3901 = EDGE_CURVE('',#3902,#3894,#3904,.T.);
#3902 = VERTEX_POINT('',#3903);
#3903 = CARTESIAN_POINT('',(48.,51.3,9.9));
#3904 = LINE('',#3905,#3906);
#3905 = CARTESIAN_POINT('',(48.,51.3,9.9));
#3906 = VECTOR('',#3907,1.);
#3907 = DIRECTION('',(1.,0.,0.));
#3908 = ORIENTED_EDGE('',*,*,#3909,.T.);
#3909 = EDGE_CURVE('',#3902,#2910,#3910,.T.);
#3910 = LINE('',#3911,#3912);
#3911 = CARTESIAN_POINT('',(48.,51.3,9.9));
#3912 = VECTOR('',#3913,1.);
#3913 = DIRECTION('',(0.,0.,1.));
#3914 = ORIENTED_EDGE('',*,*,#2907,.F.);
#3915 = PLANE('',#3916);
#3916 = AXIS2_PLACEMENT_3D('',#3917,#3918,#3919);
#3917 = CARTESIAN_POINT('',(48.,51.3,9.9));
#3918 = DIRECTION('',(0.,1.,0.));
#3919 = DIRECTION('',(0.,0.,1.));
#3920 = ADVANCED_FACE('',(#3921),#3939,.F.);
#3921 = FACE_BOUND('',#3922,.F.);
#3922 = EDGE_LOOP('',(#3923,#3924,#3932,#3938));
#3923 = ORIENTED_EDGE('',*,*,#3893,.F.);
#3924 = ORIENTED_EDGE('',*,*,#3925,.T.);
#3925 = EDGE_CURVE('',#3894,#3926,#3928,.T.);
#3926 = VERTEX_POINT('',#3927);
#3927 = CARTESIAN_POINT('',(72.,52.5,9.9));
#3928 = LINE('',#3929,#3930);
#3929 = CARTESIAN_POINT('',(72.,51.3,9.9));
#3930 = VECTOR('',#3931,1.);
#3931 = DIRECTION('',(0.,1.,0.));
#3932 = ORIENTED_EDGE('',*,*,#3933,.T.);
#3933 = EDGE_CURVE('',#3926,#2926,#3934,.T.);
#3934 = LINE('',#3935,#3936);
#3935 = CARTESIAN_POINT('',(72.,52.5,9.9));
#3936 = VECTOR('',#3937,1.);
#3937 = DIRECTION('',(0.,0.,1.));
#3938 = ORIENTED_EDGE('',*,*,#2933,.F.);
#3939 = PLANE('',#3940);
#3940 = AXIS2_PLACEMENT_3D('',#3941,#3942,#3943);
#3941 = CARTESIAN_POINT('',(72.,51.3,9.9));
#3942 = DIRECTION('',(1.,0.,0.));
#3943 = DIRECTION('',(0.,0.,1.));
#3944 = ADVANCED_FACE('',(#3945),#3963,.T.);
#3945 = FACE_BOUND('',#3946,.T.);
#3946 = EDGE_LOOP('',(#3947,#3948,#3956,#3962));
#3947 = ORIENTED_EDGE('',*,*,#3909,.F.);
#3948 = ORIENTED_EDGE('',*,*,#3949,.T.);
#3949 = EDGE_CURVE('',#3902,#3950,#3952,.T.);
#3950 = VERTEX_POINT('',#3951);
#3951 = CARTESIAN_POINT('',(48.,52.5,9.9));
#3952 = LINE('',#3953,#3954);
#3953 = CARTESIAN_POINT('',(48.,51.3,9.9));
#3954 = VECTOR('',#3955,1.);
#3955 = DIRECTION('',(0.,1.,0.));
#3956 = ORIENTED_EDGE('',*,*,#3957,.T.);
#3957 = EDGE_CURVE('',#3950,#2918,#3958,.T.);
#3958 = LINE('',#3959,#3960);
#3959 = CARTESIAN_POINT('',(48.,52.5,9.9));
#3960 = VECTOR('',#3961,1.);
#3961 = DIRECTION('',(0.,0.,1.));
#3962 = ORIENTED_EDGE('',*,*,#2917,.F.);
#3963 = PLANE('',#3964);
#3964 = AXIS2_PLACEMENT_3D('',#3965,#3966,#3967);
#3965 = CARTESIAN_POINT('',(48.,51.3,9.9));
#3966 = DIRECTION('',(1.,0.,0.));
#3967 = DIRECTION('',(0.,0.,1.));
#3968 = ADVANCED_FACE('',(#3969),#3980,.F.);
#3969 = FACE_BOUND('',#3970,.F.);
#3970 = EDGE_LOOP('',(#3971,#3972,#3978,#3979));
#3971 = ORIENTED_EDGE('',*,*,#3933,.F.);
#3972 = ORIENTED_EDGE('',*,*,#3973,.F.);
#3973 = EDGE_CURVE('',#3950,#3926,#3974,.T.);
#3974 = LINE('',#3975,#3976);
#3975 = CARTESIAN_POINT('',(48.,52.5,9.9));
#3976 = VECTOR('',#3977,1.);
#3977 = DIRECTION('',(1.,0.,0.));
#3978 = ORIENTED_EDGE('',*,*,#3957,.T.);
#3979 = ORIENTED_EDGE('',*,*,#2925,.F.);
#3980 = PLANE('',#3981);
#3981 = AXIS2_PLACEMENT_3D('',#3982,#3983,#3984);
#3982 = CARTESIAN_POINT('',(48.,52.5,9.9));
#3983 = DIRECTION('',(0.,1.,0.));
#3984 = DIRECTION('',(0.,0.,1.));
#3985 = ADVANCED_FACE('',(#3986),#4011,.T.);
#3986 = FACE_BOUND('',#3987,.T.);
#3987 = EDGE_LOOP('',(#3988,#3996,#4004,#4010));
#3988 = ORIENTED_EDGE('',*,*,#3989,.F.);
#3989 = EDGE_CURVE('',#3990,#2942,#3992,.T.);
#3990 = VERTEX_POINT('',#3991);
#3991 = CARTESIAN_POINT('',(72.,53.2,9.9));
#3992 = LINE('',#3993,#3994);
#3993 = CARTESIAN_POINT('',(72.,53.2,9.9));
#3994 = VECTOR('',#3995,1.);
#3995 = DIRECTION('',(0.,0.,1.));
#3996 = ORIENTED_EDGE('',*,*,#3997,.F.);
#3997 = EDGE_CURVE('',#3998,#3990,#4000,.T.);
#3998 = VERTEX_POINT('',#3999);
#3999 = CARTESIAN_POINT('',(48.,53.2,9.9));
#4000 = LINE('',#4001,#4002);
#4001 = CARTESIAN_POINT('',(48.,53.2,9.9));
#4002 = VECTOR('',#4003,1.);
#4003 = DIRECTION('',(1.,0.,0.));
#4004 = ORIENTED_EDGE('',*,*,#4005,.T.);
#4005 = EDGE_CURVE('',#3998,#2944,#4006,.T.);
#4006 = LINE('',#4007,#4008);
#4007 = CARTESIAN_POINT('',(48.,53.2,9.9));
#4008 = VECTOR('',#4009,1.);
#4009 = DIRECTION('',(0.,0.,1.));
#4010 = ORIENTED_EDGE('',*,*,#2941,.F.);
#4011 = PLANE('',#4012);
#4012 = AXIS2_PLACEMENT_3D('',#4013,#4014,#4015);
#4013 = CARTESIAN_POINT('',(48.,53.2,9.9));
#4014 = DIRECTION('',(0.,1.,0.));
#4015 = DIRECTION('',(0.,0.,1.));
#4016 = ADVANCED_FACE('',(#4017),#4035,.F.);
#4017 = FACE_BOUND('',#4018,.F.);
#4018 = EDGE_LOOP('',(#4019,#4020,#4028,#4034));
#4019 = ORIENTED_EDGE('',*,*,#3989,.F.);
#4020 = ORIENTED_EDGE('',*,*,#4021,.T.);
#4021 = EDGE_CURVE('',#3990,#4022,#4024,.T.);
#4022 = VERTEX_POINT('',#4023);
#4023 = CARTESIAN_POINT('',(72.,54.4,9.9));
#4024 = LINE('',#4025,#4026);
#4025 = CARTESIAN_POINT('',(72.,53.2,9.9));
#4026 = VECTOR('',#4027,1.);
#4027 = DIRECTION('',(0.,1.,0.));
#4028 = ORIENTED_EDGE('',*,*,#4029,.T.);
#4029 = EDGE_CURVE('',#4022,#2960,#4030,.T.);
#4030 = LINE('',#4031,#4032);
#4031 = CARTESIAN_POINT('',(72.,54.4,9.9));
#4032 = VECTOR('',#4033,1.);
#4033 = DIRECTION('',(0.,0.,1.));
#4034 = ORIENTED_EDGE('',*,*,#2967,.F.);
#4035 = PLANE('',#4036);
#4036 = AXIS2_PLACEMENT_3D('',#4037,#4038,#4039);
#4037 = CARTESIAN_POINT('',(72.,53.2,9.9));
#4038 = DIRECTION('',(1.,0.,0.));
#4039 = DIRECTION('',(0.,0.,1.));
#4040 = ADVANCED_FACE('',(#4041),#4059,.F.);
#4041 = FACE_BOUND('',#4042,.F.);
#4042 = EDGE_LOOP('',(#4043,#4044,#4052,#4058));
#4043 = ORIENTED_EDGE('',*,*,#4029,.F.);
#4044 = ORIENTED_EDGE('',*,*,#4045,.F.);
#4045 = EDGE_CURVE('',#4046,#4022,#4048,.T.);
#4046 = VERTEX_POINT('',#4047);
#4047 = CARTESIAN_POINT('',(48.,54.4,9.9));
#4048 = LINE('',#4049,#4050);
#4049 = CARTESIAN_POINT('',(48.,54.4,9.9));
#4050 = VECTOR('',#4051,1.);
#4051 = DIRECTION('',(1.,0.,0.));
#4052 = ORIENTED_EDGE('',*,*,#4053,.T.);
#4053 = EDGE_CURVE('',#4046,#2952,#4054,.T.);
#4054 = LINE('',#4055,#4056);
#4055 = CARTESIAN_POINT('',(48.,54.4,9.9));
#4056 = VECTOR('',#4057,1.);
#4057 = DIRECTION('',(0.,0.,1.));
#4058 = ORIENTED_EDGE('',*,*,#2959,.F.);
#4059 = PLANE('',#4060);
#4060 = AXIS2_PLACEMENT_3D('',#4061,#4062,#4063);
#4061 = CARTESIAN_POINT('',(48.,54.4,9.9));
#4062 = DIRECTION('',(0.,1.,0.));
#4063 = DIRECTION('',(0.,0.,1.));
#4064 = ADVANCED_FACE('',(#4065),#4076,.T.);
#4065 = FACE_BOUND('',#4066,.T.);
#4066 = EDGE_LOOP('',(#4067,#4068,#4074,#4075));
#4067 = ORIENTED_EDGE('',*,*,#4005,.F.);
#4068 = ORIENTED_EDGE('',*,*,#4069,.T.);
#4069 = EDGE_CURVE('',#3998,#4046,#4070,.T.);
#4070 = LINE('',#4071,#4072);
#4071 = CARTESIAN_POINT('',(48.,53.2,9.9));
#4072 = VECTOR('',#4073,1.);
#4073 = DIRECTION('',(0.,1.,0.));
#4074 = ORIENTED_EDGE('',*,*,#4053,.T.);
#4075 = ORIENTED_EDGE('',*,*,#2951,.F.);
#4076 = PLANE('',#4077);
#4077 = AXIS2_PLACEMENT_3D('',#4078,#4079,#4080);
#4078 = CARTESIAN_POINT('',(48.,53.2,9.9));
#4079 = DIRECTION('',(1.,0.,0.));
#4080 = DIRECTION('',(0.,0.,1.));
#4081 = ADVANCED_FACE('',(#4082,#4088),#4122,.F.);
#4082 = FACE_BOUND('',#4083,.F.);
#4083 = EDGE_LOOP('',(#4084,#4085,#4086,#4087));
#4084 = ORIENTED_EDGE('',*,*,#3167,.F.);
#4085 = ORIENTED_EDGE('',*,*,#3095,.T.);
#4086 = ORIENTED_EDGE('',*,*,#3119,.T.);
#4087 = ORIENTED_EDGE('',*,*,#3143,.F.);
#4088 = FACE_BOUND('',#4089,.F.);
#4089 = EDGE_LOOP('',(#4090,#4100,#4108,#4116));
#4090 = ORIENTED_EDGE('',*,*,#4091,.T.);
#4091 = EDGE_CURVE('',#4092,#4094,#4096,.T.);
#4092 = VERTEX_POINT('',#4093);
#4093 = CARTESIAN_POINT('',(80.3,-0.3,1.7));
#4094 = VERTEX_POINT('',#4095);
#4095 = CARTESIAN_POINT('',(-0.3,-0.3,1.7));
#4096 = LINE('',#4097,#4098);
#4097 = CARTESIAN_POINT('',(-0.775,-0.3,1.7));
#4098 = VECTOR('',#4099,1.);
#4099 = DIRECTION('',(-1.,0.,0.));
#4100 = ORIENTED_EDGE('',*,*,#4101,.T.);
#4101 = EDGE_CURVE('',#4094,#4102,#4104,.T.);
#4102 = VERTEX_POINT('',#4103);
#4103 = CARTESIAN_POINT('',(-0.3,54.3,1.7));
#4104 = LINE('',#4105,#4106);
#4105 = CARTESIAN_POINT('',(-0.3,-0.775,1.7));
#4106 = VECTOR('',#4107,1.);
#4107 = DIRECTION('',(0.,1.,0.));
#4108 = ORIENTED_EDGE('',*,*,#4109,.F.);
#4109 = EDGE_CURVE('',#4110,#4102,#4112,.T.);
#4110 = VERTEX_POINT('',#4111);
#4111 = CARTESIAN_POINT('',(80.3,54.3,1.7));
#4112 = LINE('',#4113,#4114);
#4113 = CARTESIAN_POINT('',(-0.775,54.3,1.7));
#4114 = VECTOR('',#4115,1.);
#4115 = DIRECTION('',(-1.,0.,0.));
#4116 = ORIENTED_EDGE('',*,*,#4117,.F.);
#4117 = EDGE_CURVE('',#4092,#4110,#4118,.T.);
#4118 = LINE('',#4119,#4120);
#4119 = CARTESIAN_POINT('',(80.3,-0.775,1.7));
#4120 = VECTOR('',#4121,1.);
#4121 = DIRECTION('',(0.,1.,0.));
#4122 = PLANE('',#4123);
#4123 = AXIS2_PLACEMENT_3D('',#4124,#4125,#4126);
#4124 = CARTESIAN_POINT('',(-1.25,-1.25,1.7));
#4125 = DIRECTION('',(0.,0.,1.));
#4126 = DIRECTION('',(1.,0.,0.));
#4127 = ADVANCED_FACE('',(#4128,#4162,#4173,#4179,#4182,#4185,#4188,
    #4191,#4194,#4205,#4208,#4214,#4225),#4236,.F.);
#4128 = FACE_BOUND('',#4129,.F.);
#4129 = EDGE_LOOP('',(#4130,#4140,#4148,#4156));
#4130 = ORIENTED_EDGE('',*,*,#4131,.F.);
#4131 = EDGE_CURVE('',#4132,#4134,#4136,.T.);
#4132 = VERTEX_POINT('',#4133);
#4133 = CARTESIAN_POINT('',(-1.,-1.,9.1));
#4134 = VERTEX_POINT('',#4135);
#4135 = CARTESIAN_POINT('',(-1.,55.,9.1));
#4136 = LINE('',#4137,#4138);
#4137 = CARTESIAN_POINT('',(-1.,-1.,9.1));
#4138 = VECTOR('',#4139,1.);
#4139 = DIRECTION('',(0.,1.,0.));
#4140 = ORIENTED_EDGE('',*,*,#4141,.T.);
#4141 = EDGE_CURVE('',#4132,#4142,#4144,.T.);
#4142 = VERTEX_POINT('',#4143);
#4143 = CARTESIAN_POINT('',(81.,-1.,9.1));
#4144 = LINE('',#4145,#4146);
#4145 = CARTESIAN_POINT('',(-1.,-1.,9.1));
#4146 = VECTOR('',#4147,1.);
#4147 = DIRECTION('',(1.,0.,0.));
#4148 = ORIENTED_EDGE('',*,*,#4149,.T.);
#4149 = EDGE_CURVE('',#4142,#4150,#4152,.T.);
#4150 = VERTEX_POINT('',#4151);
#4151 = CARTESIAN_POINT('',(81.,55.,9.1));
#4152 = LINE('',#4153,#4154);
#4153 = CARTESIAN_POINT('',(81.,-1.,9.1));
#4154 = VECTOR('',#4155,1.);
#4155 = DIRECTION('',(0.,1.,0.));
#4156 = ORIENTED_EDGE('',*,*,#4157,.F.);
#4157 = EDGE_CURVE('',#4134,#4150,#4158,.T.);
#4158 = LINE('',#4159,#4160);
#4159 = CARTESIAN_POINT('',(-1.,55.,9.1));
#4160 = VECTOR('',#4161,1.);
#4161 = DIRECTION('',(1.,0.,0.));
#4162 = FACE_BOUND('',#4163,.F.);
#4163 = EDGE_LOOP('',(#4164));
#4164 = ORIENTED_EDGE('',*,*,#4165,.F.);
#4165 = EDGE_CURVE('',#4166,#4166,#4168,.T.);
#4166 = VERTEX_POINT('',#4167);
#4167 = CARTESIAN_POINT('',(7.7,6.,9.1));
#4168 = CIRCLE('',#4169,2.7);
#4169 = AXIS2_PLACEMENT_3D('',#4170,#4171,#4172);
#4170 = CARTESIAN_POINT('',(5.,6.,9.1));
#4171 = DIRECTION('',(0.,0.,1.));
#4172 = DIRECTION('',(1.,0.,0.));
#4173 = FACE_BOUND('',#4174,.F.);
#4174 = EDGE_LOOP('',(#4175,#4176,#4177,#4178));
#4175 = ORIENTED_EDGE('',*,*,#3271,.T.);
#4176 = ORIENTED_EDGE('',*,*,#3319,.T.);
#4177 = ORIENTED_EDGE('',*,*,#3343,.F.);
#4178 = ORIENTED_EDGE('',*,*,#3295,.F.);
#4179 = FACE_BOUND('',#4180,.F.);
#4180 = EDGE_LOOP('',(#4181));
#4181 = ORIENTED_EDGE('',*,*,#3368,.F.);
#4182 = FACE_BOUND('',#4183,.F.);
#4183 = EDGE_LOOP('',(#4184));
#4184 = ORIENTED_EDGE('',*,*,#3418,.F.);
#4185 = FACE_BOUND('',#4186,.F.);
#4186 = EDGE_LOOP('',(#4187));
#4187 = ORIENTED_EDGE('',*,*,#3393,.F.);
#4188 = FACE_BOUND('',#4189,.F.);
#4189 = EDGE_LOOP('',(#4190));
#4190 = ORIENTED_EDGE('',*,*,#3468,.F.);
#4191 = FACE_BOUND('',#4192,.F.);
#4192 = EDGE_LOOP('',(#4193));
#4193 = ORIENTED_EDGE('',*,*,#3443,.F.);
#4194 = FACE_BOUND('',#4195,.F.);
#4195 = EDGE_LOOP('',(#4196));
#4196 = ORIENTED_EDGE('',*,*,#4197,.F.);
#4197 = EDGE_CURVE('',#4198,#4198,#4200,.T.);
#4198 = VERTEX_POINT('',#4199);
#4199 = CARTESIAN_POINT('',(77.7,6.,9.1));
#4200 = CIRCLE('',#4201,2.7);
#4201 = AXIS2_PLACEMENT_3D('',#4202,#4203,#4204);
#4202 = CARTESIAN_POINT('',(75.,6.,9.1));
#4203 = DIRECTION('',(0.,0.,1.));
#4204 = DIRECTION('',(1.,0.,0.));
#4205 = FACE_BOUND('',#4206,.F.);
#4206 = EDGE_LOOP('',(#4207));
#4207 = ORIENTED_EDGE('',*,*,#3493,.F.);
#4208 = FACE_BOUND('',#4209,.F.);
#4209 = EDGE_LOOP('',(#4210,#4211,#4212,#4213));
#4210 = ORIENTED_EDGE('',*,*,#3517,.T.);
#4211 = ORIENTED_EDGE('',*,*,#3565,.T.);
#4212 = ORIENTED_EDGE('',*,*,#3589,.F.);
#4213 = ORIENTED_EDGE('',*,*,#3541,.F.);
#4214 = FACE_BOUND('',#4215,.F.);
#4215 = EDGE_LOOP('',(#4216));
#4216 = ORIENTED_EDGE('',*,*,#4217,.F.);
#4217 = EDGE_CURVE('',#4218,#4218,#4220,.T.);
#4218 = VERTEX_POINT('',#4219);
#4219 = CARTESIAN_POINT('',(7.7,49.,9.1));
#4220 = CIRCLE('',#4221,2.7);
#4221 = AXIS2_PLACEMENT_3D('',#4222,#4223,#4224);
#4222 = CARTESIAN_POINT('',(5.,49.,9.1));
#4223 = DIRECTION('',(0.,0.,1.));
#4224 = DIRECTION('',(1.,0.,0.));
#4225 = FACE_BOUND('',#4226,.F.);
#4226 = EDGE_LOOP('',(#4227));
#4227 = ORIENTED_EDGE('',*,*,#4228,.F.);
#4228 = EDGE_CURVE('',#4229,#4229,#4231,.T.);
#4229 = VERTEX_POINT('',#4230);
#4230 = CARTESIAN_POINT('',(77.7,49.,9.1));
#4231 = CIRCLE('',#4232,2.7);
#4232 = AXIS2_PLACEMENT_3D('',#4233,#4234,#4235);
#4233 = CARTESIAN_POINT('',(75.,49.,9.1));
#4234 = DIRECTION('',(0.,0.,1.));
#4235 = DIRECTION('',(1.,0.,0.));
#4236 = PLANE('',#4237);
#4237 = AXIS2_PLACEMENT_3D('',#4238,#4239,#4240);
#4238 = CARTESIAN_POINT('',(-1.,-1.,9.1));
#4239 = DIRECTION('',(0.,0.,1.));
#4240 = DIRECTION('',(1.,0.,0.));
#4241 = ADVANCED_FACE('',(#4242),#4248,.T.);
#4242 = FACE_BOUND('',#4243,.T.);
#4243 = EDGE_LOOP('',(#4244,#4245,#4246,#4247));
#4244 = ORIENTED_EDGE('',*,*,#3661,.F.);
#4245 = ORIENTED_EDGE('',*,*,#3613,.T.);
#4246 = ORIENTED_EDGE('',*,*,#3637,.T.);
#4247 = ORIENTED_EDGE('',*,*,#3685,.F.);
#4248 = PLANE('',#4249);
#4249 = AXIS2_PLACEMENT_3D('',#4250,#4251,#4252);
#4250 = CARTESIAN_POINT('',(48.,45.6,9.9));
#4251 = DIRECTION('',(0.,0.,1.));
#4252 = DIRECTION('',(1.,0.,0.));
#4253 = ADVANCED_FACE('',(#4254),#4260,.T.);
#4254 = FACE_BOUND('',#4255,.T.);
#4255 = EDGE_LOOP('',(#4256,#4257,#4258,#4259));
#4256 = ORIENTED_EDGE('',*,*,#3757,.F.);
#4257 = ORIENTED_EDGE('',*,*,#3709,.T.);
#4258 = ORIENTED_EDGE('',*,*,#3733,.T.);
#4259 = ORIENTED_EDGE('',*,*,#3781,.F.);
#4260 = PLANE('',#4261);
#4261 = AXIS2_PLACEMENT_3D('',#4262,#4263,#4264);
#4262 = CARTESIAN_POINT('',(48.,47.5,9.9));
#4263 = DIRECTION('',(0.,0.,1.));
#4264 = DIRECTION('',(1.,0.,0.));
#4265 = ADVANCED_FACE('',(#4266),#4272,.T.);
#4266 = FACE_BOUND('',#4267,.T.);
#4267 = EDGE_LOOP('',(#4268,#4269,#4270,#4271));
#4268 = ORIENTED_EDGE('',*,*,#3853,.F.);
#4269 = ORIENTED_EDGE('',*,*,#3805,.T.);
#4270 = ORIENTED_EDGE('',*,*,#3829,.T.);
#4271 = ORIENTED_EDGE('',*,*,#3877,.F.);
#4272 = PLANE('',#4273);
#4273 = AXIS2_PLACEMENT_3D('',#4274,#4275,#4276);
#4274 = CARTESIAN_POINT('',(48.,49.4,9.9));
#4275 = DIRECTION('',(0.,0.,1.));
#4276 = DIRECTION('',(1.,0.,0.));
#4277 = ADVANCED_FACE('',(#4278),#4284,.T.);
#4278 = FACE_BOUND('',#4279,.T.);
#4279 = EDGE_LOOP('',(#4280,#4281,#4282,#4283));
#4280 = ORIENTED_EDGE('',*,*,#3949,.F.);
#4281 = ORIENTED_EDGE('',*,*,#3901,.T.);
#4282 = ORIENTED_EDGE('',*,*,#3925,.T.);
#4283 = ORIENTED_EDGE('',*,*,#3973,.F.);
#4284 = PLANE('',#4285);
#4285 = AXIS2_PLACEMENT_3D('',#4286,#4287,#4288);
#4286 = CARTESIAN_POINT('',(48.,51.3,9.9));
#4287 = DIRECTION('',(0.,0.,1.));
#4288 = DIRECTION('',(1.,0.,0.));
#4289 = ADVANCED_FACE('',(#4290),#4296,.T.);
#4290 = FACE_BOUND('',#4291,.T.);
#4291 = EDGE_LOOP('',(#4292,#4293,#4294,#4295));
#4292 = ORIENTED_EDGE('',*,*,#4069,.F.);
#4293 = ORIENTED_EDGE('',*,*,#3997,.T.);
#4294 = ORIENTED_EDGE('',*,*,#4021,.T.);
#4295 = ORIENTED_EDGE('',*,*,#4045,.F.);
#4296 = PLANE('',#4297);
#4297 = AXIS2_PLACEMENT_3D('',#4298,#4299,#4300);
#4298 = CARTESIAN_POINT('',(48.,53.2,9.9));
#4299 = DIRECTION('',(0.,0.,1.));
#4300 = DIRECTION('',(1.,0.,0.));
#4301 = ADVANCED_FACE('',(#4302),#4327,.T.);
#4302 = FACE_BOUND('',#4303,.T.);
#4303 = EDGE_LOOP('',(#4304,#4312,#4313,#4321));
#4304 = ORIENTED_EDGE('',*,*,#4305,.F.);
#4305 = EDGE_CURVE('',#4092,#4306,#4308,.T.);
#4306 = VERTEX_POINT('',#4307);
#4307 = CARTESIAN_POINT('',(80.3,-0.3,3.6));
#4308 = LINE('',#4309,#4310);
#4309 = CARTESIAN_POINT('',(80.3,-0.3,1.1));
#4310 = VECTOR('',#4311,1.);
#4311 = DIRECTION('',(0.,0.,1.));
#4312 = ORIENTED_EDGE('',*,*,#4091,.T.);
#4313 = ORIENTED_EDGE('',*,*,#4314,.T.);
#4314 = EDGE_CURVE('',#4094,#4315,#4317,.T.);
#4315 = VERTEX_POINT('',#4316);
#4316 = CARTESIAN_POINT('',(-0.3,-0.3,3.6));
#4317 = LINE('',#4318,#4319);
#4318 = CARTESIAN_POINT('',(-0.3,-0.3,1.1));
#4319 = VECTOR('',#4320,1.);
#4320 = DIRECTION('',(0.,0.,1.));
#4321 = ORIENTED_EDGE('',*,*,#4322,.F.);
#4322 = EDGE_CURVE('',#4306,#4315,#4323,.T.);
#4323 = LINE('',#4324,#4325);
#4324 = CARTESIAN_POINT('',(-0.775,-0.3,3.6));
#4325 = VECTOR('',#4326,1.);
#4326 = DIRECTION('',(-1.,0.,0.));
#4327 = PLANE('',#4328);
#4328 = AXIS2_PLACEMENT_3D('',#4329,#4330,#4331);
#4329 = CARTESIAN_POINT('',(-0.3,-0.3,1.1));
#4330 = DIRECTION('',(0.,1.,0.));
#4331 = DIRECTION('',(0.,0.,1.));
#4332 = ADVANCED_FACE('',(#4333),#4351,.F.);
#4333 = FACE_BOUND('',#4334,.F.);
#4334 = EDGE_LOOP('',(#4335,#4336,#4337,#4345));
#4335 = ORIENTED_EDGE('',*,*,#4305,.F.);
#4336 = ORIENTED_EDGE('',*,*,#4117,.T.);
#4337 = ORIENTED_EDGE('',*,*,#4338,.T.);
#4338 = EDGE_CURVE('',#4110,#4339,#4341,.T.);
#4339 = VERTEX_POINT('',#4340);
#4340 = CARTESIAN_POINT('',(80.3,54.3,3.6));
#4341 = LINE('',#4342,#4343);
#4342 = CARTESIAN_POINT('',(80.3,54.3,1.1));
#4343 = VECTOR('',#4344,1.);
#4344 = DIRECTION('',(0.,0.,1.));
#4345 = ORIENTED_EDGE('',*,*,#4346,.F.);
#4346 = EDGE_CURVE('',#4306,#4339,#4347,.T.);
#4347 = LINE('',#4348,#4349);
#4348 = CARTESIAN_POINT('',(80.3,-0.775,3.6));
#4349 = VECTOR('',#4350,1.);
#4350 = DIRECTION('',(0.,1.,0.));
#4351 = PLANE('',#4352);
#4352 = AXIS2_PLACEMENT_3D('',#4353,#4354,#4355);
#4353 = CARTESIAN_POINT('',(80.3,-0.3,1.1));
#4354 = DIRECTION('',(1.,0.,0.));
#4355 = DIRECTION('',(0.,0.,1.));
#4356 = ADVANCED_FACE('',(#4357),#4375,.F.);
#4357 = FACE_BOUND('',#4358,.F.);
#4358 = EDGE_LOOP('',(#4359,#4360,#4361,#4369));
#4359 = ORIENTED_EDGE('',*,*,#4338,.F.);
#4360 = ORIENTED_EDGE('',*,*,#4109,.T.);
#4361 = ORIENTED_EDGE('',*,*,#4362,.T.);
#4362 = EDGE_CURVE('',#4102,#4363,#4365,.T.);
#4363 = VERTEX_POINT('',#4364);
#4364 = CARTESIAN_POINT('',(-0.3,54.3,3.6));
#4365 = LINE('',#4366,#4367);
#4366 = CARTESIAN_POINT('',(-0.3,54.3,1.1));
#4367 = VECTOR('',#4368,1.);
#4368 = DIRECTION('',(0.,0.,1.));
#4369 = ORIENTED_EDGE('',*,*,#4370,.F.);
#4370 = EDGE_CURVE('',#4339,#4363,#4371,.T.);
#4371 = LINE('',#4372,#4373);
#4372 = CARTESIAN_POINT('',(-0.775,54.3,3.6));
#4373 = VECTOR('',#4374,1.);
#4374 = DIRECTION('',(-1.,0.,0.));
#4375 = PLANE('',#4376);
#4376 = AXIS2_PLACEMENT_3D('',#4377,#4378,#4379);
#4377 = CARTESIAN_POINT('',(-0.3,54.3,1.1));
#4378 = DIRECTION('',(0.,1.,0.));
#4379 = DIRECTION('',(0.,0.,1.));
#4380 = ADVANCED_FACE('',(#4381),#4392,.T.);
#4381 = FACE_BOUND('',#4382,.T.);
#4382 = EDGE_LOOP('',(#4383,#4384,#4385,#4386));
#4383 = ORIENTED_EDGE('',*,*,#4314,.F.);
#4384 = ORIENTED_EDGE('',*,*,#4101,.T.);
#4385 = ORIENTED_EDGE('',*,*,#4362,.T.);
#4386 = ORIENTED_EDGE('',*,*,#4387,.F.);
#4387 = EDGE_CURVE('',#4315,#4363,#4388,.T.);
#4388 = LINE('',#4389,#4390);
#4389 = CARTESIAN_POINT('',(-0.3,-0.775,3.6));
#4390 = VECTOR('',#4391,1.);
#4391 = DIRECTION('',(0.,1.,0.));
#4392 = PLANE('',#4393);
#4393 = AXIS2_PLACEMENT_3D('',#4394,#4395,#4396);
#4394 = CARTESIAN_POINT('',(-0.3,-0.3,1.1));
#4395 = DIRECTION('',(1.,0.,0.));
#4396 = DIRECTION('',(0.,0.,1.));
#4397 = ADVANCED_FACE('',(#4398),#4423,.T.);
#4398 = FACE_BOUND('',#4399,.T.);
#4399 = EDGE_LOOP('',(#4400,#4408,#4416,#4422));
#4400 = ORIENTED_EDGE('',*,*,#4401,.F.);
#4401 = EDGE_CURVE('',#4402,#4132,#4404,.T.);
#4402 = VERTEX_POINT('',#4403);
#4403 = CARTESIAN_POINT('',(-1.,-1.,3.6));
#4404 = LINE('',#4405,#4406);
#4405 = CARTESIAN_POINT('',(-1.,-1.,1.6));
#4406 = VECTOR('',#4407,1.);
#4407 = DIRECTION('',(0.,0.,1.));
#4408 = ORIENTED_EDGE('',*,*,#4409,.F.);
#4409 = EDGE_CURVE('',#4410,#4402,#4412,.T.);
#4410 = VERTEX_POINT('',#4411);
#4411 = CARTESIAN_POINT('',(-1.,55.,3.6));
#4412 = LINE('',#4413,#4414);
#4413 = CARTESIAN_POINT('',(-1.,-1.125,3.6));
#4414 = VECTOR('',#4415,1.);
#4415 = DIRECTION('',(0.,-1.,0.));
#4416 = ORIENTED_EDGE('',*,*,#4417,.T.);
#4417 = EDGE_CURVE('',#4410,#4134,#4418,.T.);
#4418 = LINE('',#4419,#4420);
#4419 = CARTESIAN_POINT('',(-1.,55.,1.6));
#4420 = VECTOR('',#4421,1.);
#4421 = DIRECTION('',(0.,0.,1.));
#4422 = ORIENTED_EDGE('',*,*,#4131,.F.);
#4423 = PLANE('',#4424);
#4424 = AXIS2_PLACEMENT_3D('',#4425,#4426,#4427);
#4425 = CARTESIAN_POINT('',(-1.,-1.,1.6));
#4426 = DIRECTION('',(1.,0.,0.));
#4427 = DIRECTION('',(0.,0.,1.));
#4428 = ADVANCED_FACE('',(#4429),#4447,.F.);
#4429 = FACE_BOUND('',#4430,.F.);
#4430 = EDGE_LOOP('',(#4431,#4439,#4445,#4446));
#4431 = ORIENTED_EDGE('',*,*,#4432,.F.);
#4432 = EDGE_CURVE('',#4433,#4150,#4435,.T.);
#4433 = VERTEX_POINT('',#4434);
#4434 = CARTESIAN_POINT('',(81.,55.,3.6));
#4435 = LINE('',#4436,#4437);
#4436 = CARTESIAN_POINT('',(81.,55.,1.6));
#4437 = VECTOR('',#4438,1.);
#4438 = DIRECTION('',(0.,0.,1.));
#4439 = ORIENTED_EDGE('',*,*,#4440,.F.);
#4440 = EDGE_CURVE('',#4410,#4433,#4441,.T.);
#4441 = LINE('',#4442,#4443);
#4442 = CARTESIAN_POINT('',(-1.125,55.,3.6));
#4443 = VECTOR('',#4444,1.);
#4444 = DIRECTION('',(1.,0.,0.));
#4445 = ORIENTED_EDGE('',*,*,#4417,.T.);
#4446 = ORIENTED_EDGE('',*,*,#4157,.T.);
#4447 = PLANE('',#4448);
#4448 = AXIS2_PLACEMENT_3D('',#4449,#4450,#4451);
#4449 = CARTESIAN_POINT('',(-1.,55.,1.6));
#4450 = DIRECTION('',(0.,1.,0.));
#4451 = DIRECTION('',(0.,0.,1.));
#4452 = ADVANCED_FACE('',(#4453),#4471,.T.);
#4453 = FACE_BOUND('',#4454,.T.);
#4454 = EDGE_LOOP('',(#4455,#4463,#4469,#4470));
#4455 = ORIENTED_EDGE('',*,*,#4456,.F.);
#4456 = EDGE_CURVE('',#4457,#4142,#4459,.T.);
#4457 = VERTEX_POINT('',#4458);
#4458 = CARTESIAN_POINT('',(81.,-1.,3.6));
#4459 = LINE('',#4460,#4461);
#4460 = CARTESIAN_POINT('',(81.,-1.,1.6));
#4461 = VECTOR('',#4462,1.);
#4462 = DIRECTION('',(0.,0.,1.));
#4463 = ORIENTED_EDGE('',*,*,#4464,.F.);
#4464 = EDGE_CURVE('',#4402,#4457,#4465,.T.);
#4465 = LINE('',#4466,#4467);
#4466 = CARTESIAN_POINT('',(-1.125,-1.,3.6));
#4467 = VECTOR('',#4468,1.);
#4468 = DIRECTION('',(1.,0.,0.));
#4469 = ORIENTED_EDGE('',*,*,#4401,.T.);
#4470 = ORIENTED_EDGE('',*,*,#4141,.T.);
#4471 = PLANE('',#4472);
#4472 = AXIS2_PLACEMENT_3D('',#4473,#4474,#4475);
#4473 = CARTESIAN_POINT('',(-1.,-1.,1.6));
#4474 = DIRECTION('',(0.,1.,0.));
#4475 = DIRECTION('',(0.,0.,1.));
#4476 = ADVANCED_FACE('',(#4477),#4488,.F.);
#4477 = FACE_BOUND('',#4478,.F.);
#4478 = EDGE_LOOP('',(#4479,#4480,#4486,#4487));
#4479 = ORIENTED_EDGE('',*,*,#4456,.F.);
#4480 = ORIENTED_EDGE('',*,*,#4481,.F.);
#4481 = EDGE_CURVE('',#4433,#4457,#4482,.T.);
#4482 = LINE('',#4483,#4484);
#4483 = CARTESIAN_POINT('',(81.,-1.125,3.6));
#4484 = VECTOR('',#4485,1.);
#4485 = DIRECTION('',(0.,-1.,0.));
#4486 = ORIENTED_EDGE('',*,*,#4432,.T.);
#4487 = ORIENTED_EDGE('',*,*,#4149,.F.);
#4488 = PLANE('',#4489);
#4489 = AXIS2_PLACEMENT_3D('',#4490,#4491,#4492);
#4490 = CARTESIAN_POINT('',(81.,-1.,1.6));
#4491 = DIRECTION('',(1.,0.,0.));
#4492 = DIRECTION('',(0.,0.,1.));
#4493 = ADVANCED_FACE('',(#4494),#4513,.T.);
#4494 = FACE_BOUND('',#4495,.T.);
#4495 = EDGE_LOOP('',(#4496,#4497,#4505,#4512));
#4496 = ORIENTED_EDGE('',*,*,#4165,.F.);
#4497 = ORIENTED_EDGE('',*,*,#4498,.F.);
#4498 = EDGE_CURVE('',#4499,#4166,#4501,.T.);
#4499 = VERTEX_POINT('',#4500);
#4500 = CARTESIAN_POINT('',(7.7,6.,1.6));
#4501 = LINE('',#4502,#4503);
#4502 = CARTESIAN_POINT('',(7.7,6.,1.6));
#4503 = VECTOR('',#4504,1.);
#4504 = DIRECTION('',(0.,0.,1.));
#4505 = ORIENTED_EDGE('',*,*,#4506,.T.);
#4506 = EDGE_CURVE('',#4499,#4499,#4507,.T.);
#4507 = CIRCLE('',#4508,2.7);
#4508 = AXIS2_PLACEMENT_3D('',#4509,#4510,#4511);
#4509 = CARTESIAN_POINT('',(5.,6.,1.6));
#4510 = DIRECTION('',(0.,0.,1.));
#4511 = DIRECTION('',(1.,0.,0.));
#4512 = ORIENTED_EDGE('',*,*,#4498,.T.);
#4513 = CYLINDRICAL_SURFACE('',#4514,2.7);
#4514 = AXIS2_PLACEMENT_3D('',#4515,#4516,#4517);
#4515 = CARTESIAN_POINT('',(5.,6.,1.6));
#4516 = DIRECTION('',(0.,0.,1.));
#4517 = DIRECTION('',(1.,0.,0.));
#4518 = ADVANCED_FACE('',(#4519),#4538,.T.);
#4519 = FACE_BOUND('',#4520,.T.);
#4520 = EDGE_LOOP('',(#4521,#4522,#4530,#4537));
#4521 = ORIENTED_EDGE('',*,*,#4197,.F.);
#4522 = ORIENTED_EDGE('',*,*,#4523,.F.);
#4523 = EDGE_CURVE('',#4524,#4198,#4526,.T.);
#4524 = VERTEX_POINT('',#4525);
#4525 = CARTESIAN_POINT('',(77.7,6.,1.6));
#4526 = LINE('',#4527,#4528);
#4527 = CARTESIAN_POINT('',(77.7,6.,1.6));
#4528 = VECTOR('',#4529,1.);
#4529 = DIRECTION('',(0.,0.,1.));
#4530 = ORIENTED_EDGE('',*,*,#4531,.T.);
#4531 = EDGE_CURVE('',#4524,#4524,#4532,.T.);
#4532 = CIRCLE('',#4533,2.7);
#4533 = AXIS2_PLACEMENT_3D('',#4534,#4535,#4536);
#4534 = CARTESIAN_POINT('',(75.,6.,1.6));
#4535 = DIRECTION('',(0.,0.,1.));
#4536 = DIRECTION('',(1.,0.,0.));
#4537 = ORIENTED_EDGE('',*,*,#4523,.T.);
#4538 = CYLINDRICAL_SURFACE('',#4539,2.7);
#4539 = AXIS2_PLACEMENT_3D('',#4540,#4541,#4542);
#4540 = CARTESIAN_POINT('',(75.,6.,1.6));
#4541 = DIRECTION('',(0.,0.,1.));
#4542 = DIRECTION('',(1.,0.,0.));
#4543 = ADVANCED_FACE('',(#4544),#4563,.T.);
#4544 = FACE_BOUND('',#4545,.T.);
#4545 = EDGE_LOOP('',(#4546,#4547,#4555,#4562));
#4546 = ORIENTED_EDGE('',*,*,#4217,.F.);
#4547 = ORIENTED_EDGE('',*,*,#4548,.F.);
#4548 = EDGE_CURVE('',#4549,#4218,#4551,.T.);
#4549 = VERTEX_POINT('',#4550);
#4550 = CARTESIAN_POINT('',(7.7,49.,1.6));
#4551 = LINE('',#4552,#4553);
#4552 = CARTESIAN_POINT('',(7.7,49.,1.6));
#4553 = VECTOR('',#4554,1.);
#4554 = DIRECTION('',(0.,0.,1.));
#4555 = ORIENTED_EDGE('',*,*,#4556,.T.);
#4556 = EDGE_CURVE('',#4549,#4549,#4557,.T.);
#4557 = CIRCLE('',#4558,2.7);
#4558 = AXIS2_PLACEMENT_3D('',#4559,#4560,#4561);
#4559 = CARTESIAN_POINT('',(5.,49.,1.6));
#4560 = DIRECTION('',(0.,0.,1.));
#4561 = DIRECTION('',(1.,0.,0.));
#4562 = ORIENTED_EDGE('',*,*,#4548,.T.);
#4563 = CYLINDRICAL_SURFACE('',#4564,2.7);
#4564 = AXIS2_PLACEMENT_3D('',#4565,#4566,#4567);
#4565 = CARTESIAN_POINT('',(5.,49.,1.6));
#4566 = DIRECTION('',(0.,0.,1.));
#4567 = DIRECTION('',(1.,0.,0.));
#4568 = ADVANCED_FACE('',(#4569),#4588,.T.);
#4569 = FACE_BOUND('',#4570,.T.);
#4570 = EDGE_LOOP('',(#4571,#4572,#4580,#4587));
#4571 = ORIENTED_EDGE('',*,*,#4228,.F.);
#4572 = ORIENTED_EDGE('',*,*,#4573,.F.);
#4573 = EDGE_CURVE('',#4574,#4229,#4576,.T.);
#4574 = VERTEX_POINT('',#4575);
#4575 = CARTESIAN_POINT('',(77.7,49.,1.6));
#4576 = LINE('',#4577,#4578);
#4577 = CARTESIAN_POINT('',(77.7,49.,1.6));
#4578 = VECTOR('',#4579,1.);
#4579 = DIRECTION('',(0.,0.,1.));
#4580 = ORIENTED_EDGE('',*,*,#4581,.T.);
#4581 = EDGE_CURVE('',#4574,#4574,#4582,.T.);
#4582 = CIRCLE('',#4583,2.7);
#4583 = AXIS2_PLACEMENT_3D('',#4584,#4585,#4586);
#4584 = CARTESIAN_POINT('',(75.,49.,1.6));
#4585 = DIRECTION('',(0.,0.,1.));
#4586 = DIRECTION('',(1.,0.,0.));
#4587 = ORIENTED_EDGE('',*,*,#4573,.T.);
#4588 = CYLINDRICAL_SURFACE('',#4589,2.7);
#4589 = AXIS2_PLACEMENT_3D('',#4590,#4591,#4592);
#4590 = CARTESIAN_POINT('',(75.,49.,1.6));
#4591 = DIRECTION('',(0.,0.,1.));
#4592 = DIRECTION('',(1.,0.,0.));
#4593 = ADVANCED_FACE('',(#4594,#4600),#4606,.T.);
#4594 = FACE_BOUND('',#4595,.T.);
#4595 = EDGE_LOOP('',(#4596,#4597,#4598,#4599));
#4596 = ORIENTED_EDGE('',*,*,#4409,.T.);
#4597 = ORIENTED_EDGE('',*,*,#4464,.T.);
#4598 = ORIENTED_EDGE('',*,*,#4481,.F.);
#4599 = ORIENTED_EDGE('',*,*,#4440,.F.);
#4600 = FACE_BOUND('',#4601,.T.);
#4601 = EDGE_LOOP('',(#4602,#4603,#4604,#4605));
#4602 = ORIENTED_EDGE('',*,*,#4322,.T.);
#4603 = ORIENTED_EDGE('',*,*,#4387,.T.);
#4604 = ORIENTED_EDGE('',*,*,#4370,.F.);
#4605 = ORIENTED_EDGE('',*,*,#4346,.F.);
#4606 = PLANE('',#4607);
#4607 = AXIS2_PLACEMENT_3D('',#4608,#4609,#4610);
#4608 = CARTESIAN_POINT('',(-1.25,-1.25,3.6));
#4609 = DIRECTION('',(0.,0.,1.));
#4610 = DIRECTION('',(1.,0.,0.));
#4611 = ADVANCED_FACE('',(#4612,#4615),#4626,.F.);
#4612 = FACE_BOUND('',#4613,.F.);
#4613 = EDGE_LOOP('',(#4614));
#4614 = ORIENTED_EDGE('',*,*,#4506,.T.);
#4615 = FACE_BOUND('',#4616,.F.);
#4616 = EDGE_LOOP('',(#4617));
#4617 = ORIENTED_EDGE('',*,*,#4618,.F.);
#4618 = EDGE_CURVE('',#4619,#4619,#4621,.T.);
#4619 = VERTEX_POINT('',#4620);
#4620 = CARTESIAN_POINT('',(6.6,6.,1.6));
#4621 = CIRCLE('',#4622,1.6);
#4622 = AXIS2_PLACEMENT_3D('',#4623,#4624,#4625);
#4623 = CARTESIAN_POINT('',(5.,6.,1.6));
#4624 = DIRECTION('',(0.,0.,1.));
#4625 = DIRECTION('',(1.,0.,0.));
#4626 = PLANE('',#4627);
#4627 = AXIS2_PLACEMENT_3D('',#4628,#4629,#4630);
#4628 = CARTESIAN_POINT('',(5.,6.,1.6));
#4629 = DIRECTION('',(0.,0.,1.));
#4630 = DIRECTION('',(1.,0.,0.));
#4631 = ADVANCED_FACE('',(#4632,#4635),#4646,.F.);
#4632 = FACE_BOUND('',#4633,.F.);
#4633 = EDGE_LOOP('',(#4634));
#4634 = ORIENTED_EDGE('',*,*,#4531,.T.);
#4635 = FACE_BOUND('',#4636,.F.);
#4636 = EDGE_LOOP('',(#4637));
#4637 = ORIENTED_EDGE('',*,*,#4638,.F.);
#4638 = EDGE_CURVE('',#4639,#4639,#4641,.T.);
#4639 = VERTEX_POINT('',#4640);
#4640 = CARTESIAN_POINT('',(76.6,6.,1.6));
#4641 = CIRCLE('',#4642,1.6);
#4642 = AXIS2_PLACEMENT_3D('',#4643,#4644,#4645);
#4643 = CARTESIAN_POINT('',(75.,6.,1.6));
#4644 = DIRECTION('',(0.,0.,1.));
#4645 = DIRECTION('',(1.,0.,0.));
#4646 = PLANE('',#4647);
#4647 = AXIS2_PLACEMENT_3D('',#4648,#4649,#4650);
#4648 = CARTESIAN_POINT('',(75.,6.,1.6));
#4649 = DIRECTION('',(0.,0.,1.));
#4650 = DIRECTION('',(1.,0.,0.));
#4651 = ADVANCED_FACE('',(#4652,#4655),#4666,.F.);
#4652 = FACE_BOUND('',#4653,.F.);
#4653 = EDGE_LOOP('',(#4654));
#4654 = ORIENTED_EDGE('',*,*,#4556,.T.);
#4655 = FACE_BOUND('',#4656,.F.);
#4656 = EDGE_LOOP('',(#4657));
#4657 = ORIENTED_EDGE('',*,*,#4658,.F.);
#4658 = EDGE_CURVE('',#4659,#4659,#4661,.T.);
#4659 = VERTEX_POINT('',#4660);
#4660 = CARTESIAN_POINT('',(6.6,49.,1.6));
#4661 = CIRCLE('',#4662,1.6);
#4662 = AXIS2_PLACEMENT_3D('',#4663,#4664,#4665);
#4663 = CARTESIAN_POINT('',(5.,49.,1.6));
#4664 = DIRECTION('',(0.,0.,1.));
#4665 = DIRECTION('',(1.,0.,0.));
#4666 = PLANE('',#4667);
#4667 = AXIS2_PLACEMENT_3D('',#4668,#4669,#4670);
#4668 = CARTESIAN_POINT('',(5.,49.,1.6));
#4669 = DIRECTION('',(0.,0.,1.));
#4670 = DIRECTION('',(1.,0.,0.));
#4671 = ADVANCED_FACE('',(#4672,#4675),#4686,.F.);
#4672 = FACE_BOUND('',#4673,.F.);
#4673 = EDGE_LOOP('',(#4674));
#4674 = ORIENTED_EDGE('',*,*,#4581,.T.);
#4675 = FACE_BOUND('',#4676,.F.);
#4676 = EDGE_LOOP('',(#4677));
#4677 = ORIENTED_EDGE('',*,*,#4678,.F.);
#4678 = EDGE_CURVE('',#4679,#4679,#4681,.T.);
#4679 = VERTEX_POINT('',#4680);
#4680 = CARTESIAN_POINT('',(76.6,49.,1.6));
#4681 = CIRCLE('',#4682,1.6);
#4682 = AXIS2_PLACEMENT_3D('',#4683,#4684,#4685);
#4683 = CARTESIAN_POINT('',(75.,49.,1.6));
#4684 = DIRECTION('',(0.,0.,1.));
#4685 = DIRECTION('',(1.,0.,0.));
#4686 = PLANE('',#4687);
#4687 = AXIS2_PLACEMENT_3D('',#4688,#4689,#4690);
#4688 = CARTESIAN_POINT('',(75.,49.,1.6));
#4689 = DIRECTION('',(0.,0.,1.));
#4690 = DIRECTION('',(1.,0.,0.));
#4691 = ADVANCED_FACE('',(#4692),#4711,.F.);
#4692 = FACE_BOUND('',#4693,.F.);
#4693 = EDGE_LOOP('',(#4694,#4702,#4709,#4710));
#4694 = ORIENTED_EDGE('',*,*,#4695,.T.);
#4695 = EDGE_CURVE('',#4619,#4696,#4698,.T.);
#4696 = VERTEX_POINT('',#4697);
#4697 = CARTESIAN_POINT('',(6.6,6.,6.1));
#4698 = LINE('',#4699,#4700);
#4699 = CARTESIAN_POINT('',(6.6,6.,1.1));
#4700 = VECTOR('',#4701,1.);
#4701 = DIRECTION('',(0.,0.,1.));
#4702 = ORIENTED_EDGE('',*,*,#4703,.F.);
#4703 = EDGE_CURVE('',#4696,#4696,#4704,.T.);
#4704 = CIRCLE('',#4705,1.6);
#4705 = AXIS2_PLACEMENT_3D('',#4706,#4707,#4708);
#4706 = CARTESIAN_POINT('',(5.,6.,6.1));
#4707 = DIRECTION('',(0.,0.,1.));
#4708 = DIRECTION('',(1.,0.,0.));
#4709 = ORIENTED_EDGE('',*,*,#4695,.F.);
#4710 = ORIENTED_EDGE('',*,*,#4618,.T.);
#4711 = CYLINDRICAL_SURFACE('',#4712,1.6);
#4712 = AXIS2_PLACEMENT_3D('',#4713,#4714,#4715);
#4713 = CARTESIAN_POINT('',(5.,6.,1.1));
#4714 = DIRECTION('',(0.,0.,1.));
#4715 = DIRECTION('',(1.,0.,0.));
#4716 = ADVANCED_FACE('',(#4717),#4736,.F.);
#4717 = FACE_BOUND('',#4718,.F.);
#4718 = EDGE_LOOP('',(#4719,#4727,#4734,#4735));
#4719 = ORIENTED_EDGE('',*,*,#4720,.T.);
#4720 = EDGE_CURVE('',#4639,#4721,#4723,.T.);
#4721 = VERTEX_POINT('',#4722);
#4722 = CARTESIAN_POINT('',(76.6,6.,6.1));
#4723 = LINE('',#4724,#4725);
#4724 = CARTESIAN_POINT('',(76.6,6.,1.1));
#4725 = VECTOR('',#4726,1.);
#4726 = DIRECTION('',(0.,0.,1.));
#4727 = ORIENTED_EDGE('',*,*,#4728,.F.);
#4728 = EDGE_CURVE('',#4721,#4721,#4729,.T.);
#4729 = CIRCLE('',#4730,1.6);
#4730 = AXIS2_PLACEMENT_3D('',#4731,#4732,#4733);
#4731 = CARTESIAN_POINT('',(75.,6.,6.1));
#4732 = DIRECTION('',(0.,0.,1.));
#4733 = DIRECTION('',(1.,0.,0.));
#4734 = ORIENTED_EDGE('',*,*,#4720,.F.);
#4735 = ORIENTED_EDGE('',*,*,#4638,.T.);
#4736 = CYLINDRICAL_SURFACE('',#4737,1.6);
#4737 = AXIS2_PLACEMENT_3D('',#4738,#4739,#4740);
#4738 = CARTESIAN_POINT('',(75.,6.,1.1));
#4739 = DIRECTION('',(0.,0.,1.));
#4740 = DIRECTION('',(1.,0.,0.));
#4741 = ADVANCED_FACE('',(#4742),#4761,.F.);
#4742 = FACE_BOUND('',#4743,.F.);
#4743 = EDGE_LOOP('',(#4744,#4752,#4759,#4760));
#4744 = ORIENTED_EDGE('',*,*,#4745,.T.);
#4745 = EDGE_CURVE('',#4659,#4746,#4748,.T.);
#4746 = VERTEX_POINT('',#4747);
#4747 = CARTESIAN_POINT('',(6.6,49.,6.1));
#4748 = LINE('',#4749,#4750);
#4749 = CARTESIAN_POINT('',(6.6,49.,1.1));
#4750 = VECTOR('',#4751,1.);
#4751 = DIRECTION('',(0.,0.,1.));
#4752 = ORIENTED_EDGE('',*,*,#4753,.F.);
#4753 = EDGE_CURVE('',#4746,#4746,#4754,.T.);
#4754 = CIRCLE('',#4755,1.6);
#4755 = AXIS2_PLACEMENT_3D('',#4756,#4757,#4758);
#4756 = CARTESIAN_POINT('',(5.,49.,6.1));
#4757 = DIRECTION('',(0.,0.,1.));
#4758 = DIRECTION('',(1.,0.,0.));
#4759 = ORIENTED_EDGE('',*,*,#4745,.F.);
#4760 = ORIENTED_EDGE('',*,*,#4658,.T.);
#4761 = CYLINDRICAL_SURFACE('',#4762,1.6);
#4762 = AXIS2_PLACEMENT_3D('',#4763,#4764,#4765);
#4763 = CARTESIAN_POINT('',(5.,49.,1.1));
#4764 = DIRECTION('',(0.,0.,1.));
#4765 = DIRECTION('',(1.,0.,0.));
#4766 = ADVANCED_FACE('',(#4767),#4786,.F.);
#4767 = FACE_BOUND('',#4768,.F.);
#4768 = EDGE_LOOP('',(#4769,#4777,#4784,#4785));
#4769 = ORIENTED_EDGE('',*,*,#4770,.T.);
#4770 = EDGE_CURVE('',#4679,#4771,#4773,.T.);
#4771 = VERTEX_POINT('',#4772);
#4772 = CARTESIAN_POINT('',(76.6,49.,6.1));
#4773 = LINE('',#4774,#4775);
#4774 = CARTESIAN_POINT('',(76.6,49.,1.1));
#4775 = VECTOR('',#4776,1.);
#4776 = DIRECTION('',(0.,0.,1.));
#4777 = ORIENTED_EDGE('',*,*,#4778,.F.);
#4778 = EDGE_CURVE('',#4771,#4771,#4779,.T.);
#4779 = CIRCLE('',#4780,1.6);
#4780 = AXIS2_PLACEMENT_3D('',#4781,#4782,#4783);
#4781 = CARTESIAN_POINT('',(75.,49.,6.1));
#4782 = DIRECTION('',(0.,0.,1.));
#4783 = DIRECTION('',(1.,0.,0.));
#4784 = ORIENTED_EDGE('',*,*,#4770,.F.);
#4785 = ORIENTED_EDGE('',*,*,#4678,.T.);
#4786 = CYLINDRICAL_SURFACE('',#4787,1.6);
#4787 = AXIS2_PLACEMENT_3D('',#4788,#4789,#4790);
#4788 = CARTESIAN_POINT('',(75.,49.,1.1));
#4789 = DIRECTION('',(0.,0.,1.));
#4790 = DIRECTION('',(1.,0.,0.));
#4791 = ADVANCED_FACE('',(#4792),#4795,.F.);
#4792 = FACE_BOUND('',#4793,.F.);
#4793 = EDGE_LOOP('',(#4794));
#4794 = ORIENTED_EDGE('',*,*,#4703,.T.);
#4795 = PLANE('',#4796);
#4796 = AXIS2_PLACEMENT_3D('',#4797,#4798,#4799);
#4797 = CARTESIAN_POINT('',(5.,6.,6.1));
#4798 = DIRECTION('',(0.,0.,1.));
#4799 = DIRECTION('',(1.,0.,0.));
#4800 = ADVANCED_FACE('',(#4801),#4804,.F.);
#4801 = FACE_BOUND('',#4802,.F.);
#4802 = EDGE_LOOP('',(#4803));
#4803 = ORIENTED_EDGE('',*,*,#4728,.T.);
#4804 = PLANE('',#4805);
#4805 = AXIS2_PLACEMENT_3D('',#4806,#4807,#4808);
#4806 = CARTESIAN_POINT('',(75.,6.,6.1));
#4807 = DIRECTION('',(0.,0.,1.));
#4808 = DIRECTION('',(1.,0.,0.));
#4809 = ADVANCED_FACE('',(#4810),#4813,.F.);
#4810 = FACE_BOUND('',#4811,.F.);
#4811 = EDGE_LOOP('',(#4812));
#4812 = ORIENTED_EDGE('',*,*,#4753,.T.);
#4813 = PLANE('',#4814);
#4814 = AXIS2_PLACEMENT_3D('',#4815,#4816,#4817);
#4815 = CARTESIAN_POINT('',(5.,49.,6.1));
#4816 = DIRECTION('',(0.,0.,1.));
#4817 = DIRECTION('',(1.,0.,0.));
#4818 = ADVANCED_FACE('',(#4819),#4822,.F.);
#4819 = FACE_BOUND('',#4820,.F.);
#4820 = EDGE_LOOP('',(#4821));
#4821 = ORIENTED_EDGE('',*,*,#4778,.T.);
#4822 = PLANE('',#4823);
#4823 = AXIS2_PLACEMENT_3D('',#4824,#4825,#4826);
#4824 = CARTESIAN_POINT('',(75.,49.,6.1));
#4825 = DIRECTION('',(0.,0.,1.));
#4826 = DIRECTION('',(1.,0.,0.));
#4827 = MANIFOLD_SOLID_BREP('',#4828);
#4828 = CLOSED_SHELL('',(#4829,#5061,#5124,#5148,#5188,#5212,#5252,#5276
    ,#5316,#5340,#5380,#5404,#5444,#5468,#5508,#5532,#5622,#5646,#5686,
    #5710,#5750,#5774,#5814,#5838,#5878,#5902,#5942,#5966,#6006,#6023,
    #6040,#6057,#6074,#6091,#6157,#6174,#6186,#6203,#6215,#6232,#6244,
    #6261,#6273,#6304,#6328,#6352,#6369,#6386,#6398,#6415,#6427));
#4829 = ADVANCED_FACE('',(#4830),#5056,.F.);
#4830 = FACE_BOUND('',#4831,.F.);
#4831 = EDGE_LOOP('',(#4832,#4842,#4850,#4858,#4866,#4874,#4882,#4890,
    #4898,#4906,#4914,#4922,#4930,#4938,#4946,#4954,#4962,#4970,#4978,
    #4986,#4994,#5002,#5010,#5018,#5026,#5034,#5042,#5050));
#4832 = ORIENTED_EDGE('',*,*,#4833,.F.);
#4833 = EDGE_CURVE('',#4834,#4836,#4838,.T.);
#4834 = VERTEX_POINT('',#4835);
#4835 = CARTESIAN_POINT('',(21.,2.5,11.4));
#4836 = VERTEX_POINT('',#4837);
#4837 = CARTESIAN_POINT('',(21.,4.5,11.4));
#4838 = LINE('',#4839,#4840);
#4839 = CARTESIAN_POINT('',(21.,2.,11.4));
#4840 = VECTOR('',#4841,1.);
#4841 = DIRECTION('',(0.,1.,0.));
#4842 = ORIENTED_EDGE('',*,*,#4843,.F.);
#4843 = EDGE_CURVE('',#4844,#4834,#4846,.T.);
#4844 = VERTEX_POINT('',#4845);
#4845 = CARTESIAN_POINT('',(21.,2.5,11.));
#4846 = LINE('',#4847,#4848);
#4847 = CARTESIAN_POINT('',(21.,2.5,2.6));
#4848 = VECTOR('',#4849,1.);
#4849 = DIRECTION('',(0.,0.,1.));
#4850 = ORIENTED_EDGE('',*,*,#4851,.F.);
#4851 = EDGE_CURVE('',#4852,#4844,#4854,.T.);
#4852 = VERTEX_POINT('',#4853);
#4853 = CARTESIAN_POINT('',(21.,2.7,11.));
#4854 = LINE('',#4855,#4856);
#4855 = CARTESIAN_POINT('',(21.,1.95,11.));
#4856 = VECTOR('',#4857,1.);
#4857 = DIRECTION('',(0.,-1.,0.));
#4858 = ORIENTED_EDGE('',*,*,#4859,.F.);
#4859 = EDGE_CURVE('',#4860,#4852,#4862,.T.);
#4860 = VERTEX_POINT('',#4861);
#4861 = CARTESIAN_POINT('',(21.,2.7,10.7));
#4862 = LINE('',#4863,#4864);
#4863 = CARTESIAN_POINT('',(21.,2.7,6.65));
#4864 = VECTOR('',#4865,1.);
#4865 = DIRECTION('',(0.,0.,1.));
#4866 = ORIENTED_EDGE('',*,*,#4867,.T.);
#4867 = EDGE_CURVE('',#4860,#4868,#4870,.T.);
#4868 = VERTEX_POINT('',#4869);
#4869 = CARTESIAN_POINT('',(21.,2.5,10.7));
#4870 = LINE('',#4871,#4872);
#4871 = CARTESIAN_POINT('',(21.,1.95,10.7));
#4872 = VECTOR('',#4873,1.);
#4873 = DIRECTION('',(0.,-1.,0.));
#4874 = ORIENTED_EDGE('',*,*,#4875,.F.);
#4875 = EDGE_CURVE('',#4876,#4868,#4878,.T.);
#4876 = VERTEX_POINT('',#4877);
#4877 = CARTESIAN_POINT('',(21.,2.5,10.4));
#4878 = LINE('',#4879,#4880);
#4879 = CARTESIAN_POINT('',(21.,2.5,2.6));
#4880 = VECTOR('',#4881,1.);
#4881 = DIRECTION('',(0.,0.,1.));
#4882 = ORIENTED_EDGE('',*,*,#4883,.F.);
#4883 = EDGE_CURVE('',#4884,#4876,#4886,.T.);
#4884 = VERTEX_POINT('',#4885);
#4885 = CARTESIAN_POINT('',(21.,2.7,10.4));
#4886 = LINE('',#4887,#4888);
#4887 = CARTESIAN_POINT('',(21.,1.95,10.4));
#4888 = VECTOR('',#4889,1.);
#4889 = DIRECTION('',(0.,-1.,0.));
#4890 = ORIENTED_EDGE('',*,*,#4891,.F.);
#4891 = EDGE_CURVE('',#4892,#4884,#4894,.T.);
#4892 = VERTEX_POINT('',#4893);
#4893 = CARTESIAN_POINT('',(21.,2.7,10.1));
#4894 = LINE('',#4895,#4896);
#4895 = CARTESIAN_POINT('',(21.,2.7,6.35));
#4896 = VECTOR('',#4897,1.);
#4897 = DIRECTION('',(0.,0.,1.));
#4898 = ORIENTED_EDGE('',*,*,#4899,.T.);
#4899 = EDGE_CURVE('',#4892,#4900,#4902,.T.);
#4900 = VERTEX_POINT('',#4901);
#4901 = CARTESIAN_POINT('',(21.,2.5,10.1));
#4902 = LINE('',#4903,#4904);
#4903 = CARTESIAN_POINT('',(21.,1.95,10.1));
#4904 = VECTOR('',#4905,1.);
#4905 = DIRECTION('',(0.,-1.,0.));
#4906 = ORIENTED_EDGE('',*,*,#4907,.F.);
#4907 = EDGE_CURVE('',#4908,#4900,#4910,.T.);
#4908 = VERTEX_POINT('',#4909);
#4909 = CARTESIAN_POINT('',(21.,2.5,9.8));
#4910 = LINE('',#4911,#4912);
#4911 = CARTESIAN_POINT('',(21.,2.5,2.6));
#4912 = VECTOR('',#4913,1.);
#4913 = DIRECTION('',(0.,0.,1.));
#4914 = ORIENTED_EDGE('',*,*,#4915,.F.);
#4915 = EDGE_CURVE('',#4916,#4908,#4918,.T.);
#4916 = VERTEX_POINT('',#4917);
#4917 = CARTESIAN_POINT('',(21.,2.7,9.8));
#4918 = LINE('',#4919,#4920);
#4919 = CARTESIAN_POINT('',(21.,1.95,9.8));
#4920 = VECTOR('',#4921,1.);
#4921 = DIRECTION('',(0.,-1.,0.));
#4922 = ORIENTED_EDGE('',*,*,#4923,.F.);
#4923 = EDGE_CURVE('',#4924,#4916,#4926,.T.);
#4924 = VERTEX_POINT('',#4925);
#4925 = CARTESIAN_POINT('',(21.,2.7,9.5));
#4926 = LINE('',#4927,#4928);
#4927 = CARTESIAN_POINT('',(21.,2.7,6.05));
#4928 = VECTOR('',#4929,1.);
#4929 = DIRECTION('',(0.,0.,1.));
#4930 = ORIENTED_EDGE('',*,*,#4931,.T.);
#4931 = EDGE_CURVE('',#4924,#4932,#4934,.T.);
#4932 = VERTEX_POINT('',#4933);
#4933 = CARTESIAN_POINT('',(21.,2.5,9.5));
#4934 = LINE('',#4935,#4936);
#4935 = CARTESIAN_POINT('',(21.,1.95,9.5));
#4936 = VECTOR('',#4937,1.);
#4937 = DIRECTION('',(0.,-1.,0.));
#4938 = ORIENTED_EDGE('',*,*,#4939,.F.);
#4939 = EDGE_CURVE('',#4940,#4932,#4942,.T.);
#4940 = VERTEX_POINT('',#4941);
#4941 = CARTESIAN_POINT('',(21.,2.5,2.6));
#4942 = LINE('',#4943,#4944);
#4943 = CARTESIAN_POINT('',(21.,2.5,2.6));
#4944 = VECTOR('',#4945,1.);
#4945 = DIRECTION('',(0.,0.,1.));
#4946 = ORIENTED_EDGE('',*,*,#4947,.T.);
#4947 = EDGE_CURVE('',#4940,#4948,#4950,.T.);
#4948 = VERTEX_POINT('',#4949);
#4949 = CARTESIAN_POINT('',(21.,4.5,2.6));
#4950 = LINE('',#4951,#4952);
#4951 = CARTESIAN_POINT('',(21.,2.,2.6));
#4952 = VECTOR('',#4953,1.);
#4953 = DIRECTION('',(0.,1.,0.));
#4954 = ORIENTED_EDGE('',*,*,#4955,.T.);
#4955 = EDGE_CURVE('',#4948,#4956,#4958,.T.);
#4956 = VERTEX_POINT('',#4957);
#4957 = CARTESIAN_POINT('',(21.,4.5,9.5));
#4958 = LINE('',#4959,#4960);
#4959 = CARTESIAN_POINT('',(21.,4.5,2.6));
#4960 = VECTOR('',#4961,1.);
#4961 = DIRECTION('',(0.,0.,1.));
#4962 = ORIENTED_EDGE('',*,*,#4963,.T.);
#4963 = EDGE_CURVE('',#4956,#4964,#4966,.T.);
#4964 = VERTEX_POINT('',#4965);
#4965 = CARTESIAN_POINT('',(21.,4.3,9.5));
#4966 = LINE('',#4967,#4968);
#4967 = CARTESIAN_POINT('',(21.,3.15,9.5));
#4968 = VECTOR('',#4969,1.);
#4969 = DIRECTION('',(0.,-1.,0.));
#4970 = ORIENTED_EDGE('',*,*,#4971,.T.);
#4971 = EDGE_CURVE('',#4964,#4972,#4974,.T.);
#4972 = VERTEX_POINT('',#4973);
#4973 = CARTESIAN_POINT('',(21.,4.3,9.8));
#4974 = LINE('',#4975,#4976);
#4975 = CARTESIAN_POINT('',(21.,4.3,6.05));
#4976 = VECTOR('',#4977,1.);
#4977 = DIRECTION('',(0.,0.,1.));
#4978 = ORIENTED_EDGE('',*,*,#4979,.F.);
#4979 = EDGE_CURVE('',#4980,#4972,#4982,.T.);
#4980 = VERTEX_POINT('',#4981);
#4981 = CARTESIAN_POINT('',(21.,4.5,9.8));
#4982 = LINE('',#4983,#4984);
#4983 = CARTESIAN_POINT('',(21.,3.15,9.8));
#4984 = VECTOR('',#4985,1.);
#4985 = DIRECTION('',(0.,-1.,0.));
#4986 = ORIENTED_EDGE('',*,*,#4987,.T.);
#4987 = EDGE_CURVE('',#4980,#4988,#4990,.T.);
#4988 = VERTEX_POINT('',#4989);
#4989 = CARTESIAN_POINT('',(21.,4.5,10.1));
#4990 = LINE('',#4991,#4992);
#4991 = CARTESIAN_POINT('',(21.,4.5,2.6));
#4992 = VECTOR('',#4993,1.);
#4993 = DIRECTION('',(0.,0.,1.));
#4994 = ORIENTED_EDGE('',*,*,#4995,.T.);
#4995 = EDGE_CURVE('',#4988,#4996,#4998,.T.);
#4996 = VERTEX_POINT('',#4997);
#4997 = CARTESIAN_POINT('',(21.,4.3,10.1));
#4998 = LINE('',#4999,#5000);
#4999 = CARTESIAN_POINT('',(21.,3.15,10.1));
#5000 = VECTOR('',#5001,1.);
#5001 = DIRECTION('',(0.,-1.,0.));
#5002 = ORIENTED_EDGE('',*,*,#5003,.T.);
#5003 = EDGE_CURVE('',#4996,#5004,#5006,.T.);
#5004 = VERTEX_POINT('',#5005);
#5005 = CARTESIAN_POINT('',(21.,4.3,10.4));
#5006 = LINE('',#5007,#5008);
#5007 = CARTESIAN_POINT('',(21.,4.3,6.35));
#5008 = VECTOR('',#5009,1.);
#5009 = DIRECTION('',(0.,0.,1.));
#5010 = ORIENTED_EDGE('',*,*,#5011,.F.);
#5011 = EDGE_CURVE('',#5012,#5004,#5014,.T.);
#5012 = VERTEX_POINT('',#5013);
#5013 = CARTESIAN_POINT('',(21.,4.5,10.4));
#5014 = LINE('',#5015,#5016);
#5015 = CARTESIAN_POINT('',(21.,3.15,10.4));
#5016 = VECTOR('',#5017,1.);
#5017 = DIRECTION('',(0.,-1.,0.));
#5018 = ORIENTED_EDGE('',*,*,#5019,.T.);
#5019 = EDGE_CURVE('',#5012,#5020,#5022,.T.);
#5020 = VERTEX_POINT('',#5021);
#5021 = CARTESIAN_POINT('',(21.,4.5,10.7));
#5022 = LINE('',#5023,#5024);
#5023 = CARTESIAN_POINT('',(21.,4.5,2.6));
#5024 = VECTOR('',#5025,1.);
#5025 = DIRECTION('',(0.,0.,1.));
#5026 = ORIENTED_EDGE('',*,*,#5027,.T.);
#5027 = EDGE_CURVE('',#5020,#5028,#5030,.T.);
#5028 = VERTEX_POINT('',#5029);
#5029 = CARTESIAN_POINT('',(21.,4.3,10.7));
#5030 = LINE('',#5031,#5032);
#5031 = CARTESIAN_POINT('',(21.,3.15,10.7));
#5032 = VECTOR('',#5033,1.);
#5033 = DIRECTION('',(0.,-1.,0.));
#5034 = ORIENTED_EDGE('',*,*,#5035,.T.);
#5035 = EDGE_CURVE('',#5028,#5036,#5038,.T.);
#5036 = VERTEX_POINT('',#5037);
#5037 = CARTESIAN_POINT('',(21.,4.3,11.));
#5038 = LINE('',#5039,#5040);
#5039 = CARTESIAN_POINT('',(21.,4.3,6.65));
#5040 = VECTOR('',#5041,1.);
#5041 = DIRECTION('',(0.,0.,1.));
#5042 = ORIENTED_EDGE('',*,*,#5043,.F.);
#5043 = EDGE_CURVE('',#5044,#5036,#5046,.T.);
#5044 = VERTEX_POINT('',#5045);
#5045 = CARTESIAN_POINT('',(21.,4.5,11.));
#5046 = LINE('',#5047,#5048);
#5047 = CARTESIAN_POINT('',(21.,3.15,11.));
#5048 = VECTOR('',#5049,1.);
#5049 = DIRECTION('',(0.,-1.,0.));
#5050 = ORIENTED_EDGE('',*,*,#5051,.T.);
#5051 = EDGE_CURVE('',#5044,#4836,#5052,.T.);
#5052 = LINE('',#5053,#5054);
#5053 = CARTESIAN_POINT('',(21.,4.5,2.6));
#5054 = VECTOR('',#5055,1.);
#5055 = DIRECTION('',(0.,0.,1.));
#5056 = PLANE('',#5057);
#5057 = AXIS2_PLACEMENT_3D('',#5058,#5059,#5060);
#5058 = CARTESIAN_POINT('',(21.,2.,2.6));
#5059 = DIRECTION('',(1.,0.,0.));
#5060 = DIRECTION('',(0.,0.,1.));
#5061 = ADVANCED_FACE('',(#5062),#5119,.T.);
#5062 = FACE_BOUND('',#5063,.T.);
#5063 = EDGE_LOOP('',(#5064,#5065,#5073,#5081,#5089,#5097,#5105,#5113));
#5064 = ORIENTED_EDGE('',*,*,#4833,.F.);
#5065 = ORIENTED_EDGE('',*,*,#5066,.T.);
#5066 = EDGE_CURVE('',#4834,#5067,#5069,.T.);
#5067 = VERTEX_POINT('',#5068);
#5068 = CARTESIAN_POINT('',(21.5,2.,11.4));
#5069 = LINE('',#5070,#5071);
#5070 = CARTESIAN_POINT('',(21.25,2.25,11.4));
#5071 = VECTOR('',#5072,1.);
#5072 = DIRECTION('',(0.707106781187,-0.707106781187,0.));
#5073 = ORIENTED_EDGE('',*,*,#5074,.T.);
#5074 = EDGE_CURVE('',#5067,#5075,#5077,.T.);
#5075 = VERTEX_POINT('',#5076);
#5076 = CARTESIAN_POINT('',(26.5,2.,11.4));
#5077 = LINE('',#5078,#5079);
#5078 = CARTESIAN_POINT('',(21.,2.,11.4));
#5079 = VECTOR('',#5080,1.);
#5080 = DIRECTION('',(1.,0.,0.));
#5081 = ORIENTED_EDGE('',*,*,#5082,.F.);
#5082 = EDGE_CURVE('',#5083,#5075,#5085,.T.);
#5083 = VERTEX_POINT('',#5084);
#5084 = CARTESIAN_POINT('',(27.,2.5,11.4));
#5085 = LINE('',#5086,#5087);
#5086 = CARTESIAN_POINT('',(25.25,0.75,11.4));
#5087 = VECTOR('',#5088,1.);
#5088 = DIRECTION('',(-0.707106781187,-0.707106781187,0.));
#5089 = ORIENTED_EDGE('',*,*,#5090,.T.);
#5090 = EDGE_CURVE('',#5083,#5091,#5093,.T.);
#5091 = VERTEX_POINT('',#5092);
#5092 = CARTESIAN_POINT('',(27.,4.5,11.4));
#5093 = LINE('',#5094,#5095);
#5094 = CARTESIAN_POINT('',(27.,2.,11.4));
#5095 = VECTOR('',#5096,1.);
#5096 = DIRECTION('',(0.,1.,0.));
#5097 = ORIENTED_EDGE('',*,*,#5098,.T.);
#5098 = EDGE_CURVE('',#5091,#5099,#5101,.T.);
#5099 = VERTEX_POINT('',#5100);
#5100 = CARTESIAN_POINT('',(26.5,5.,11.4));
#5101 = LINE('',#5102,#5103);
#5102 = CARTESIAN_POINT('',(26.,5.5,11.4));
#5103 = VECTOR('',#5104,1.);
#5104 = DIRECTION('',(-0.707106781187,0.707106781187,0.));
#5105 = ORIENTED_EDGE('',*,*,#5106,.F.);
#5106 = EDGE_CURVE('',#5107,#5099,#5109,.T.);
#5107 = VERTEX_POINT('',#5108);
#5108 = CARTESIAN_POINT('',(21.5,5.,11.4));
#5109 = LINE('',#5110,#5111);
#5110 = CARTESIAN_POINT('',(21.,5.,11.4));
#5111 = VECTOR('',#5112,1.);
#5112 = DIRECTION('',(1.,0.,0.));
#5113 = ORIENTED_EDGE('',*,*,#5114,.F.);
#5114 = EDGE_CURVE('',#4836,#5107,#5115,.T.);
#5115 = LINE('',#5116,#5117);
#5116 = CARTESIAN_POINT('',(20.5,4.,11.4));
#5117 = VECTOR('',#5118,1.);
#5118 = DIRECTION('',(0.707106781187,0.707106781187,0.));
#5119 = PLANE('',#5120);
#5120 = AXIS2_PLACEMENT_3D('',#5121,#5122,#5123);
#5121 = CARTESIAN_POINT('',(21.,2.,11.4));
#5122 = DIRECTION('',(0.,0.,1.));
#5123 = DIRECTION('',(1.,0.,0.));
#5124 = ADVANCED_FACE('',(#5125),#5143,.F.);
#5125 = FACE_BOUND('',#5126,.T.);
#5126 = EDGE_LOOP('',(#5127,#5135,#5136,#5137));
#5127 = ORIENTED_EDGE('',*,*,#5128,.F.);
#5128 = EDGE_CURVE('',#5044,#5129,#5131,.T.);
#5129 = VERTEX_POINT('',#5130);
#5130 = CARTESIAN_POINT('',(21.5,5.,11.));
#5131 = LINE('',#5132,#5133);
#5132 = CARTESIAN_POINT('',(21.025,4.525,11.));
#5133 = VECTOR('',#5134,1.);
#5134 = DIRECTION('',(0.707106781187,0.707106781187,0.));
#5135 = ORIENTED_EDGE('',*,*,#5051,.T.);
#5136 = ORIENTED_EDGE('',*,*,#5114,.T.);
#5137 = ORIENTED_EDGE('',*,*,#5138,.F.);
#5138 = EDGE_CURVE('',#5129,#5107,#5139,.T.);
#5139 = LINE('',#5140,#5141);
#5140 = CARTESIAN_POINT('',(21.5,5.,2.6));
#5141 = VECTOR('',#5142,1.);
#5142 = DIRECTION('',(0.,0.,1.));
#5143 = PLANE('',#5144);
#5144 = AXIS2_PLACEMENT_3D('',#5145,#5146,#5147);
#5145 = CARTESIAN_POINT('',(21.25,4.75,2.6));
#5146 = DIRECTION('',(0.707106781187,-0.707106781187,0.));
#5147 = DIRECTION('',(-0.,-0.,-1.));
#5148 = ADVANCED_FACE('',(#5149),#5183,.F.);
#5149 = FACE_BOUND('',#5150,.F.);
#5150 = EDGE_LOOP('',(#5151,#5152,#5160,#5168,#5176,#5182));
#5151 = ORIENTED_EDGE('',*,*,#5043,.T.);
#5152 = ORIENTED_EDGE('',*,*,#5153,.T.);
#5153 = EDGE_CURVE('',#5036,#5154,#5156,.T.);
#5154 = VERTEX_POINT('',#5155);
#5155 = CARTESIAN_POINT('',(27.,4.3,11.));
#5156 = LINE('',#5157,#5158);
#5157 = CARTESIAN_POINT('',(20.8,4.3,11.));
#5158 = VECTOR('',#5159,1.);
#5159 = DIRECTION('',(1.,0.,0.));
#5160 = ORIENTED_EDGE('',*,*,#5161,.F.);
#5161 = EDGE_CURVE('',#5162,#5154,#5164,.T.);
#5162 = VERTEX_POINT('',#5163);
#5163 = CARTESIAN_POINT('',(27.,4.5,11.));
#5164 = LINE('',#5165,#5166);
#5165 = CARTESIAN_POINT('',(27.,3.15,11.));
#5166 = VECTOR('',#5167,1.);
#5167 = DIRECTION('',(0.,-1.,0.));
#5168 = ORIENTED_EDGE('',*,*,#5169,.T.);
#5169 = EDGE_CURVE('',#5162,#5170,#5172,.T.);
#5170 = VERTEX_POINT('',#5171);
#5171 = CARTESIAN_POINT('',(26.5,5.,11.));
#5172 = LINE('',#5173,#5174);
#5173 = CARTESIAN_POINT('',(25.375,6.125,11.));
#5174 = VECTOR('',#5175,1.);
#5175 = DIRECTION('',(-0.707106781187,0.707106781187,0.));
#5176 = ORIENTED_EDGE('',*,*,#5177,.F.);
#5177 = EDGE_CURVE('',#5129,#5170,#5178,.T.);
#5178 = LINE('',#5179,#5180);
#5179 = CARTESIAN_POINT('',(20.9,5.,11.));
#5180 = VECTOR('',#5181,1.);
#5181 = DIRECTION('',(1.,0.,0.));
#5182 = ORIENTED_EDGE('',*,*,#5128,.F.);
#5183 = PLANE('',#5184);
#5184 = AXIS2_PLACEMENT_3D('',#5185,#5186,#5187);
#5185 = CARTESIAN_POINT('',(20.8,4.3,11.));
#5186 = DIRECTION('',(0.,0.,1.));
#5187 = DIRECTION('',(1.,0.,0.));
#5188 = ADVANCED_FACE('',(#5189),#5207,.T.);
#5189 = FACE_BOUND('',#5190,.T.);
#5190 = EDGE_LOOP('',(#5191,#5199,#5200,#5201));
#5191 = ORIENTED_EDGE('',*,*,#5192,.F.);
#5192 = EDGE_CURVE('',#5028,#5193,#5195,.T.);
#5193 = VERTEX_POINT('',#5194);
#5194 = CARTESIAN_POINT('',(27.,4.3,10.7));
#5195 = LINE('',#5196,#5197);
#5196 = CARTESIAN_POINT('',(20.8,4.3,10.7));
#5197 = VECTOR('',#5198,1.);
#5198 = DIRECTION('',(1.,0.,0.));
#5199 = ORIENTED_EDGE('',*,*,#5035,.T.);
#5200 = ORIENTED_EDGE('',*,*,#5153,.T.);
#5201 = ORIENTED_EDGE('',*,*,#5202,.F.);
#5202 = EDGE_CURVE('',#5193,#5154,#5203,.T.);
#5203 = LINE('',#5204,#5205);
#5204 = CARTESIAN_POINT('',(27.,4.3,6.65));
#5205 = VECTOR('',#5206,1.);
#5206 = DIRECTION('',(0.,0.,1.));
#5207 = PLANE('',#5208);
#5208 = AXIS2_PLACEMENT_3D('',#5209,#5210,#5211);
#5209 = CARTESIAN_POINT('',(20.8,4.3,10.7));
#5210 = DIRECTION('',(0.,1.,0.));
#5211 = DIRECTION('',(0.,0.,1.));
#5212 = ADVANCED_FACE('',(#5213),#5247,.T.);
#5213 = FACE_BOUND('',#5214,.T.);
#5214 = EDGE_LOOP('',(#5215,#5216,#5217,#5225,#5233,#5241));
#5215 = ORIENTED_EDGE('',*,*,#5027,.T.);
#5216 = ORIENTED_EDGE('',*,*,#5192,.T.);
#5217 = ORIENTED_EDGE('',*,*,#5218,.F.);
#5218 = EDGE_CURVE('',#5219,#5193,#5221,.T.);
#5219 = VERTEX_POINT('',#5220);
#5220 = CARTESIAN_POINT('',(27.,4.5,10.7));
#5221 = LINE('',#5222,#5223);
#5222 = CARTESIAN_POINT('',(27.,3.15,10.7));
#5223 = VECTOR('',#5224,1.);
#5224 = DIRECTION('',(0.,-1.,0.));
#5225 = ORIENTED_EDGE('',*,*,#5226,.T.);
#5226 = EDGE_CURVE('',#5219,#5227,#5229,.T.);
#5227 = VERTEX_POINT('',#5228);
#5228 = CARTESIAN_POINT('',(26.5,5.,10.7));
#5229 = LINE('',#5230,#5231);
#5230 = CARTESIAN_POINT('',(25.375,6.125,10.7));
#5231 = VECTOR('',#5232,1.);
#5232 = DIRECTION('',(-0.707106781187,0.707106781187,0.));
#5233 = ORIENTED_EDGE('',*,*,#5234,.F.);
#5234 = EDGE_CURVE('',#5235,#5227,#5237,.T.);
#5235 = VERTEX_POINT('',#5236);
#5236 = CARTESIAN_POINT('',(21.5,5.,10.7));
#5237 = LINE('',#5238,#5239);
#5238 = CARTESIAN_POINT('',(20.9,5.,10.7));
#5239 = VECTOR('',#5240,1.);
#5240 = DIRECTION('',(1.,0.,0.));
#5241 = ORIENTED_EDGE('',*,*,#5242,.F.);
#5242 = EDGE_CURVE('',#5020,#5235,#5243,.T.);
#5243 = LINE('',#5244,#5245);
#5244 = CARTESIAN_POINT('',(21.025,4.525,10.7));
#5245 = VECTOR('',#5246,1.);
#5246 = DIRECTION('',(0.707106781187,0.707106781187,0.));
#5247 = PLANE('',#5248);
#5248 = AXIS2_PLACEMENT_3D('',#5249,#5250,#5251);
#5249 = CARTESIAN_POINT('',(20.8,4.3,10.7));
#5250 = DIRECTION('',(0.,0.,1.));
#5251 = DIRECTION('',(1.,0.,0.));
#5252 = ADVANCED_FACE('',(#5253),#5271,.F.);
#5253 = FACE_BOUND('',#5254,.T.);
#5254 = EDGE_LOOP('',(#5255,#5263,#5264,#5265));
#5255 = ORIENTED_EDGE('',*,*,#5256,.F.);
#5256 = EDGE_CURVE('',#5012,#5257,#5259,.T.);
#5257 = VERTEX_POINT('',#5258);
#5258 = CARTESIAN_POINT('',(21.5,5.,10.4));
#5259 = LINE('',#5260,#5261);
#5260 = CARTESIAN_POINT('',(21.025,4.525,10.4));
#5261 = VECTOR('',#5262,1.);
#5262 = DIRECTION('',(0.707106781187,0.707106781187,0.));
#5263 = ORIENTED_EDGE('',*,*,#5019,.T.);
#5264 = ORIENTED_EDGE('',*,*,#5242,.T.);
#5265 = ORIENTED_EDGE('',*,*,#5266,.F.);
#5266 = EDGE_CURVE('',#5257,#5235,#5267,.T.);
#5267 = LINE('',#5268,#5269);
#5268 = CARTESIAN_POINT('',(21.5,5.,2.6));
#5269 = VECTOR('',#5270,1.);
#5270 = DIRECTION('',(0.,0.,1.));
#5271 = PLANE('',#5272);
#5272 = AXIS2_PLACEMENT_3D('',#5273,#5274,#5275);
#5273 = CARTESIAN_POINT('',(21.25,4.75,2.6));
#5274 = DIRECTION('',(0.707106781187,-0.707106781187,0.));
#5275 = DIRECTION('',(-0.,-0.,-1.));
#5276 = ADVANCED_FACE('',(#5277),#5311,.F.);
#5277 = FACE_BOUND('',#5278,.F.);
#5278 = EDGE_LOOP('',(#5279,#5280,#5288,#5296,#5304,#5310));
#5279 = ORIENTED_EDGE('',*,*,#5011,.T.);
#5280 = ORIENTED_EDGE('',*,*,#5281,.T.);
#5281 = EDGE_CURVE('',#5004,#5282,#5284,.T.);
#5282 = VERTEX_POINT('',#5283);
#5283 = CARTESIAN_POINT('',(27.,4.3,10.4));
#5284 = LINE('',#5285,#5286);
#5285 = CARTESIAN_POINT('',(20.8,4.3,10.4));
#5286 = VECTOR('',#5287,1.);
#5287 = DIRECTION('',(1.,0.,0.));
#5288 = ORIENTED_EDGE('',*,*,#5289,.F.);
#5289 = EDGE_CURVE('',#5290,#5282,#5292,.T.);
#5290 = VERTEX_POINT('',#5291);
#5291 = CARTESIAN_POINT('',(27.,4.5,10.4));
#5292 = LINE('',#5293,#5294);
#5293 = CARTESIAN_POINT('',(27.,3.15,10.4));
#5294 = VECTOR('',#5295,1.);
#5295 = DIRECTION('',(0.,-1.,0.));
#5296 = ORIENTED_EDGE('',*,*,#5297,.T.);
#5297 = EDGE_CURVE('',#5290,#5298,#5300,.T.);
#5298 = VERTEX_POINT('',#5299);
#5299 = CARTESIAN_POINT('',(26.5,5.,10.4));
#5300 = LINE('',#5301,#5302);
#5301 = CARTESIAN_POINT('',(25.375,6.125,10.4));
#5302 = VECTOR('',#5303,1.);
#5303 = DIRECTION('',(-0.707106781187,0.707106781187,0.));
#5304 = ORIENTED_EDGE('',*,*,#5305,.F.);
#5305 = EDGE_CURVE('',#5257,#5298,#5306,.T.);
#5306 = LINE('',#5307,#5308);
#5307 = CARTESIAN_POINT('',(20.9,5.,10.4));
#5308 = VECTOR('',#5309,1.);
#5309 = DIRECTION('',(1.,0.,0.));
#5310 = ORIENTED_EDGE('',*,*,#5256,.F.);
#5311 = PLANE('',#5312);
#5312 = AXIS2_PLACEMENT_3D('',#5313,#5314,#5315);
#5313 = CARTESIAN_POINT('',(20.8,4.3,10.4));
#5314 = DIRECTION('',(0.,0.,1.));
#5315 = DIRECTION('',(1.,0.,0.));
#5316 = ADVANCED_FACE('',(#5317),#5335,.T.);
#5317 = FACE_BOUND('',#5318,.T.);
#5318 = EDGE_LOOP('',(#5319,#5327,#5328,#5329));
#5319 = ORIENTED_EDGE('',*,*,#5320,.F.);
#5320 = EDGE_CURVE('',#4996,#5321,#5323,.T.);
#5321 = VERTEX_POINT('',#5322);
#5322 = CARTESIAN_POINT('',(27.,4.3,10.1));
#5323 = LINE('',#5324,#5325);
#5324 = CARTESIAN_POINT('',(20.8,4.3,10.1));
#5325 = VECTOR('',#5326,1.);
#5326 = DIRECTION('',(1.,0.,0.));
#5327 = ORIENTED_EDGE('',*,*,#5003,.T.);
#5328 = ORIENTED_EDGE('',*,*,#5281,.T.);
#5329 = ORIENTED_EDGE('',*,*,#5330,.F.);
#5330 = EDGE_CURVE('',#5321,#5282,#5331,.T.);
#5331 = LINE('',#5332,#5333);
#5332 = CARTESIAN_POINT('',(27.,4.3,6.35));
#5333 = VECTOR('',#5334,1.);
#5334 = DIRECTION('',(0.,0.,1.));
#5335 = PLANE('',#5336);
#5336 = AXIS2_PLACEMENT_3D('',#5337,#5338,#5339);
#5337 = CARTESIAN_POINT('',(20.8,4.3,10.1));
#5338 = DIRECTION('',(0.,1.,0.));
#5339 = DIRECTION('',(0.,0.,1.));
#5340 = ADVANCED_FACE('',(#5341),#5375,.T.);
#5341 = FACE_BOUND('',#5342,.T.);
#5342 = EDGE_LOOP('',(#5343,#5344,#5345,#5353,#5361,#5369));
#5343 = ORIENTED_EDGE('',*,*,#4995,.T.);
#5344 = ORIENTED_EDGE('',*,*,#5320,.T.);
#5345 = ORIENTED_EDGE('',*,*,#5346,.F.);
#5346 = EDGE_CURVE('',#5347,#5321,#5349,.T.);
#5347 = VERTEX_POINT('',#5348);
#5348 = CARTESIAN_POINT('',(27.,4.5,10.1));
#5349 = LINE('',#5350,#5351);
#5350 = CARTESIAN_POINT('',(27.,3.15,10.1));
#5351 = VECTOR('',#5352,1.);
#5352 = DIRECTION('',(0.,-1.,0.));
#5353 = ORIENTED_EDGE('',*,*,#5354,.T.);
#5354 = EDGE_CURVE('',#5347,#5355,#5357,.T.);
#5355 = VERTEX_POINT('',#5356);
#5356 = CARTESIAN_POINT('',(26.5,5.,10.1));
#5357 = LINE('',#5358,#5359);
#5358 = CARTESIAN_POINT('',(25.375,6.125,10.1));
#5359 = VECTOR('',#5360,1.);
#5360 = DIRECTION('',(-0.707106781187,0.707106781187,0.));
#5361 = ORIENTED_EDGE('',*,*,#5362,.F.);
#5362 = EDGE_CURVE('',#5363,#5355,#5365,.T.);
#5363 = VERTEX_POINT('',#5364);
#5364 = CARTESIAN_POINT('',(21.5,5.,10.1));
#5365 = LINE('',#5366,#5367);
#5366 = CARTESIAN_POINT('',(20.9,5.,10.1));
#5367 = VECTOR('',#5368,1.);
#5368 = DIRECTION('',(1.,0.,0.));
#5369 = ORIENTED_EDGE('',*,*,#5370,.F.);
#5370 = EDGE_CURVE('',#4988,#5363,#5371,.T.);
#5371 = LINE('',#5372,#5373);
#5372 = CARTESIAN_POINT('',(21.025,4.525,10.1));
#5373 = VECTOR('',#5374,1.);
#5374 = DIRECTION('',(0.707106781187,0.707106781187,0.));
#5375 = PLANE('',#5376);
#5376 = AXIS2_PLACEMENT_3D('',#5377,#5378,#5379);
#5377 = CARTESIAN_POINT('',(20.8,4.3,10.1));
#5378 = DIRECTION('',(0.,0.,1.));
#5379 = DIRECTION('',(1.,0.,0.));
#5380 = ADVANCED_FACE('',(#5381),#5399,.F.);
#5381 = FACE_BOUND('',#5382,.T.);
#5382 = EDGE_LOOP('',(#5383,#5391,#5392,#5393));
#5383 = ORIENTED_EDGE('',*,*,#5384,.F.);
#5384 = EDGE_CURVE('',#4980,#5385,#5387,.T.);
#5385 = VERTEX_POINT('',#5386);
#5386 = CARTESIAN_POINT('',(21.5,5.,9.8));
#5387 = LINE('',#5388,#5389);
#5388 = CARTESIAN_POINT('',(21.025,4.525,9.8));
#5389 = VECTOR('',#5390,1.);
#5390 = DIRECTION('',(0.707106781187,0.707106781187,0.));
#5391 = ORIENTED_EDGE('',*,*,#4987,.T.);
#5392 = ORIENTED_EDGE('',*,*,#5370,.T.);
#5393 = ORIENTED_EDGE('',*,*,#5394,.F.);
#5394 = EDGE_CURVE('',#5385,#5363,#5395,.T.);
#5395 = LINE('',#5396,#5397);
#5396 = CARTESIAN_POINT('',(21.5,5.,2.6));
#5397 = VECTOR('',#5398,1.);
#5398 = DIRECTION('',(0.,0.,1.));
#5399 = PLANE('',#5400);
#5400 = AXIS2_PLACEMENT_3D('',#5401,#5402,#5403);
#5401 = CARTESIAN_POINT('',(21.25,4.75,2.6));
#5402 = DIRECTION('',(0.707106781187,-0.707106781187,0.));
#5403 = DIRECTION('',(-0.,-0.,-1.));
#5404 = ADVANCED_FACE('',(#5405),#5439,.F.);
#5405 = FACE_BOUND('',#5406,.F.);
#5406 = EDGE_LOOP('',(#5407,#5408,#5416,#5424,#5432,#5438));
#5407 = ORIENTED_EDGE('',*,*,#4979,.T.);
#5408 = ORIENTED_EDGE('',*,*,#5409,.T.);
#5409 = EDGE_CURVE('',#4972,#5410,#5412,.T.);
#5410 = VERTEX_POINT('',#5411);
#5411 = CARTESIAN_POINT('',(27.,4.3,9.8));
#5412 = LINE('',#5413,#5414);
#5413 = CARTESIAN_POINT('',(20.8,4.3,9.8));
#5414 = VECTOR('',#5415,1.);
#5415 = DIRECTION('',(1.,0.,0.));
#5416 = ORIENTED_EDGE('',*,*,#5417,.F.);
#5417 = EDGE_CURVE('',#5418,#5410,#5420,.T.);
#5418 = VERTEX_POINT('',#5419);
#5419 = CARTESIAN_POINT('',(27.,4.5,9.8));
#5420 = LINE('',#5421,#5422);
#5421 = CARTESIAN_POINT('',(27.,3.15,9.8));
#5422 = VECTOR('',#5423,1.);
#5423 = DIRECTION('',(0.,-1.,0.));
#5424 = ORIENTED_EDGE('',*,*,#5425,.T.);
#5425 = EDGE_CURVE('',#5418,#5426,#5428,.T.);
#5426 = VERTEX_POINT('',#5427);
#5427 = CARTESIAN_POINT('',(26.5,5.,9.8));
#5428 = LINE('',#5429,#5430);
#5429 = CARTESIAN_POINT('',(25.375,6.125,9.8));
#5430 = VECTOR('',#5431,1.);
#5431 = DIRECTION('',(-0.707106781187,0.707106781187,0.));
#5432 = ORIENTED_EDGE('',*,*,#5433,.F.);
#5433 = EDGE_CURVE('',#5385,#5426,#5434,.T.);
#5434 = LINE('',#5435,#5436);
#5435 = CARTESIAN_POINT('',(20.9,5.,9.8));
#5436 = VECTOR('',#5437,1.);
#5437 = DIRECTION('',(1.,0.,0.));
#5438 = ORIENTED_EDGE('',*,*,#5384,.F.);
#5439 = PLANE('',#5440);
#5440 = AXIS2_PLACEMENT_3D('',#5441,#5442,#5443);
#5441 = CARTESIAN_POINT('',(20.8,4.3,9.8));
#5442 = DIRECTION('',(0.,0.,1.));
#5443 = DIRECTION('',(1.,0.,0.));
#5444 = ADVANCED_FACE('',(#5445),#5463,.T.);
#5445 = FACE_BOUND('',#5446,.T.);
#5446 = EDGE_LOOP('',(#5447,#5455,#5456,#5457));
#5447 = ORIENTED_EDGE('',*,*,#5448,.F.);
#5448 = EDGE_CURVE('',#4964,#5449,#5451,.T.);
#5449 = VERTEX_POINT('',#5450);
#5450 = CARTESIAN_POINT('',(27.,4.3,9.5));
#5451 = LINE('',#5452,#5453);
#5452 = CARTESIAN_POINT('',(20.8,4.3,9.5));
#5453 = VECTOR('',#5454,1.);
#5454 = DIRECTION('',(1.,0.,0.));
#5455 = ORIENTED_EDGE('',*,*,#4971,.T.);
#5456 = ORIENTED_EDGE('',*,*,#5409,.T.);
#5457 = ORIENTED_EDGE('',*,*,#5458,.F.);
#5458 = EDGE_CURVE('',#5449,#5410,#5459,.T.);
#5459 = LINE('',#5460,#5461);
#5460 = CARTESIAN_POINT('',(27.,4.3,6.05));
#5461 = VECTOR('',#5462,1.);
#5462 = DIRECTION('',(0.,0.,1.));
#5463 = PLANE('',#5464);
#5464 = AXIS2_PLACEMENT_3D('',#5465,#5466,#5467);
#5465 = CARTESIAN_POINT('',(20.8,4.3,9.5));
#5466 = DIRECTION('',(0.,1.,0.));
#5467 = DIRECTION('',(0.,0.,1.));
#5468 = ADVANCED_FACE('',(#5469),#5503,.T.);
#5469 = FACE_BOUND('',#5470,.T.);
#5470 = EDGE_LOOP('',(#5471,#5472,#5473,#5481,#5489,#5497));
#5471 = ORIENTED_EDGE('',*,*,#4963,.T.);
#5472 = ORIENTED_EDGE('',*,*,#5448,.T.);
#5473 = ORIENTED_EDGE('',*,*,#5474,.F.);
#5474 = EDGE_CURVE('',#5475,#5449,#5477,.T.);
#5475 = VERTEX_POINT('',#5476);
#5476 = CARTESIAN_POINT('',(27.,4.5,9.5));
#5477 = LINE('',#5478,#5479);
#5478 = CARTESIAN_POINT('',(27.,3.15,9.5));
#5479 = VECTOR('',#5480,1.);
#5480 = DIRECTION('',(0.,-1.,0.));
#5481 = ORIENTED_EDGE('',*,*,#5482,.T.);
#5482 = EDGE_CURVE('',#5475,#5483,#5485,.T.);
#5483 = VERTEX_POINT('',#5484);
#5484 = CARTESIAN_POINT('',(26.5,5.,9.5));
#5485 = LINE('',#5486,#5487);
#5486 = CARTESIAN_POINT('',(25.375,6.125,9.5));
#5487 = VECTOR('',#5488,1.);
#5488 = DIRECTION('',(-0.707106781187,0.707106781187,0.));
#5489 = ORIENTED_EDGE('',*,*,#5490,.F.);
#5490 = EDGE_CURVE('',#5491,#5483,#5493,.T.);
#5491 = VERTEX_POINT('',#5492);
#5492 = CARTESIAN_POINT('',(21.5,5.,9.5));
#5493 = LINE('',#5494,#5495);
#5494 = CARTESIAN_POINT('',(20.9,5.,9.5));
#5495 = VECTOR('',#5496,1.);
#5496 = DIRECTION('',(1.,0.,0.));
#5497 = ORIENTED_EDGE('',*,*,#5498,.F.);
#5498 = EDGE_CURVE('',#4956,#5491,#5499,.T.);
#5499 = LINE('',#5500,#5501);
#5500 = CARTESIAN_POINT('',(21.025,4.525,9.5));
#5501 = VECTOR('',#5502,1.);
#5502 = DIRECTION('',(0.707106781187,0.707106781187,0.));
#5503 = PLANE('',#5504);
#5504 = AXIS2_PLACEMENT_3D('',#5505,#5506,#5507);
#5505 = CARTESIAN_POINT('',(20.8,4.3,9.5));
#5506 = DIRECTION('',(0.,0.,1.));
#5507 = DIRECTION('',(1.,0.,0.));
#5508 = ADVANCED_FACE('',(#5509),#5527,.F.);
#5509 = FACE_BOUND('',#5510,.T.);
#5510 = EDGE_LOOP('',(#5511,#5519,#5520,#5521));
#5511 = ORIENTED_EDGE('',*,*,#5512,.F.);
#5512 = EDGE_CURVE('',#4948,#5513,#5515,.T.);
#5513 = VERTEX_POINT('',#5514);
#5514 = CARTESIAN_POINT('',(21.5,5.,2.6));
#5515 = LINE('',#5516,#5517);
#5516 = CARTESIAN_POINT('',(20.5,4.,2.6));
#5517 = VECTOR('',#5518,1.);
#5518 = DIRECTION('',(0.707106781187,0.707106781187,0.));
#5519 = ORIENTED_EDGE('',*,*,#4955,.T.);
#5520 = ORIENTED_EDGE('',*,*,#5498,.T.);
#5521 = ORIENTED_EDGE('',*,*,#5522,.F.);
#5522 = EDGE_CURVE('',#5513,#5491,#5523,.T.);
#5523 = LINE('',#5524,#5525);
#5524 = CARTESIAN_POINT('',(21.5,5.,2.6));
#5525 = VECTOR('',#5526,1.);
#5526 = DIRECTION('',(0.,0.,1.));
#5527 = PLANE('',#5528);
#5528 = AXIS2_PLACEMENT_3D('',#5529,#5530,#5531);
#5529 = CARTESIAN_POINT('',(21.25,4.75,2.6));
#5530 = DIRECTION('',(0.707106781187,-0.707106781187,0.));
#5531 = DIRECTION('',(-0.,-0.,-1.));
#5532 = ADVANCED_FACE('',(#5533,#5583),#5617,.F.);
#5533 = FACE_BOUND('',#5534,.F.);
#5534 = EDGE_LOOP('',(#5535,#5536,#5544,#5552,#5560,#5568,#5576,#5582));
#5535 = ORIENTED_EDGE('',*,*,#4947,.F.);
#5536 = ORIENTED_EDGE('',*,*,#5537,.T.);
#5537 = EDGE_CURVE('',#4940,#5538,#5540,.T.);
#5538 = VERTEX_POINT('',#5539);
#5539 = CARTESIAN_POINT('',(21.5,2.,2.6));
#5540 = LINE('',#5541,#5542);
#5541 = CARTESIAN_POINT('',(21.25,2.25,2.6));
#5542 = VECTOR('',#5543,1.);
#5543 = DIRECTION('',(0.707106781187,-0.707106781187,0.));
#5544 = ORIENTED_EDGE('',*,*,#5545,.T.);
#5545 = EDGE_CURVE('',#5538,#5546,#5548,.T.);
#5546 = VERTEX_POINT('',#5547);
#5547 = CARTESIAN_POINT('',(26.5,2.,2.6));
#5548 = LINE('',#5549,#5550);
#5549 = CARTESIAN_POINT('',(21.,2.,2.6));
#5550 = VECTOR('',#5551,1.);
#5551 = DIRECTION('',(1.,0.,0.));
#5552 = ORIENTED_EDGE('',*,*,#5553,.F.);
#5553 = EDGE_CURVE('',#5554,#5546,#5556,.T.);
#5554 = VERTEX_POINT('',#5555);
#5555 = CARTESIAN_POINT('',(27.,2.5,2.6));
#5556 = LINE('',#5557,#5558);
#5557 = CARTESIAN_POINT('',(25.25,0.75,2.6));
#5558 = VECTOR('',#5559,1.);
#5559 = DIRECTION('',(-0.707106781187,-0.707106781187,0.));
#5560 = ORIENTED_EDGE('',*,*,#5561,.T.);
#5561 = EDGE_CURVE('',#5554,#5562,#5564,.T.);
#5562 = VERTEX_POINT('',#5563);
#5563 = CARTESIAN_POINT('',(27.,4.5,2.6));
#5564 = LINE('',#5565,#5566);
#5565 = CARTESIAN_POINT('',(27.,2.,2.6));
#5566 = VECTOR('',#5567,1.);
#5567 = DIRECTION('',(0.,1.,0.));
#5568 = ORIENTED_EDGE('',*,*,#5569,.T.);
#5569 = EDGE_CURVE('',#5562,#5570,#5572,.T.);
#5570 = VERTEX_POINT('',#5571);
#5571 = CARTESIAN_POINT('',(26.5,5.,2.6));
#5572 = LINE('',#5573,#5574);
#5573 = CARTESIAN_POINT('',(26.,5.5,2.6));
#5574 = VECTOR('',#5575,1.);
#5575 = DIRECTION('',(-0.707106781187,0.707106781187,0.));
#5576 = ORIENTED_EDGE('',*,*,#5577,.F.);
#5577 = EDGE_CURVE('',#5513,#5570,#5578,.T.);
#5578 = LINE('',#5579,#5580);
#5579 = CARTESIAN_POINT('',(21.,5.,2.6));
#5580 = VECTOR('',#5581,1.);
#5581 = DIRECTION('',(1.,0.,0.));
#5582 = ORIENTED_EDGE('',*,*,#5512,.F.);
#5583 = FACE_BOUND('',#5584,.F.);
#5584 = EDGE_LOOP('',(#5585,#5595,#5603,#5611));
#5585 = ORIENTED_EDGE('',*,*,#5586,.T.);
#5586 = EDGE_CURVE('',#5587,#5589,#5591,.T.);
#5587 = VERTEX_POINT('',#5588);
#5588 = CARTESIAN_POINT('',(25.3,2.7,2.6));
#5589 = VERTEX_POINT('',#5590);
#5590 = CARTESIAN_POINT('',(22.7,2.7,2.6));
#5591 = LINE('',#5592,#5593);
#5592 = CARTESIAN_POINT('',(21.85,2.7,2.6));
#5593 = VECTOR('',#5594,1.);
#5594 = DIRECTION('',(-1.,0.,0.));
#5595 = ORIENTED_EDGE('',*,*,#5596,.T.);
#5596 = EDGE_CURVE('',#5589,#5597,#5599,.T.);
#5597 = VERTEX_POINT('',#5598);
#5598 = CARTESIAN_POINT('',(22.7,4.3,2.6));
#5599 = LINE('',#5600,#5601);
#5600 = CARTESIAN_POINT('',(22.7,2.35,2.6));
#5601 = VECTOR('',#5602,1.);
#5602 = DIRECTION('',(0.,1.,0.));
#5603 = ORIENTED_EDGE('',*,*,#5604,.F.);
#5604 = EDGE_CURVE('',#5605,#5597,#5607,.T.);
#5605 = VERTEX_POINT('',#5606);
#5606 = CARTESIAN_POINT('',(25.3,4.3,2.6));
#5607 = LINE('',#5608,#5609);
#5608 = CARTESIAN_POINT('',(21.85,4.3,2.6));
#5609 = VECTOR('',#5610,1.);
#5610 = DIRECTION('',(-1.,0.,0.));
#5611 = ORIENTED_EDGE('',*,*,#5612,.F.);
#5612 = EDGE_CURVE('',#5587,#5605,#5613,.T.);
#5613 = LINE('',#5614,#5615);
#5614 = CARTESIAN_POINT('',(25.3,2.35,2.6));
#5615 = VECTOR('',#5616,1.);
#5616 = DIRECTION('',(0.,1.,0.));
#5617 = PLANE('',#5618);
#5618 = AXIS2_PLACEMENT_3D('',#5619,#5620,#5621);
#5619 = CARTESIAN_POINT('',(21.,2.,2.6));
#5620 = DIRECTION('',(0.,0.,1.));
#5621 = DIRECTION('',(1.,0.,0.));
#5622 = ADVANCED_FACE('',(#5623),#5641,.T.);
#5623 = FACE_BOUND('',#5624,.F.);
#5624 = EDGE_LOOP('',(#5625,#5626,#5627,#5635));
#5625 = ORIENTED_EDGE('',*,*,#5537,.F.);
#5626 = ORIENTED_EDGE('',*,*,#4939,.T.);
#5627 = ORIENTED_EDGE('',*,*,#5628,.T.);
#5628 = EDGE_CURVE('',#4932,#5629,#5631,.T.);
#5629 = VERTEX_POINT('',#5630);
#5630 = CARTESIAN_POINT('',(21.5,2.,9.5));
#5631 = LINE('',#5632,#5633);
#5632 = CARTESIAN_POINT('',(21.225,2.275,9.5));
#5633 = VECTOR('',#5634,1.);
#5634 = DIRECTION('',(0.707106781187,-0.707106781187,0.));
#5635 = ORIENTED_EDGE('',*,*,#5636,.F.);
#5636 = EDGE_CURVE('',#5538,#5629,#5637,.T.);
#5637 = LINE('',#5638,#5639);
#5638 = CARTESIAN_POINT('',(21.5,2.,2.6));
#5639 = VECTOR('',#5640,1.);
#5640 = DIRECTION('',(0.,0.,1.));
#5641 = PLANE('',#5642);
#5642 = AXIS2_PLACEMENT_3D('',#5643,#5644,#5645);
#5643 = CARTESIAN_POINT('',(21.25,2.25,2.6));
#5644 = DIRECTION('',(-0.707106781187,-0.707106781187,0.));
#5645 = DIRECTION('',(-0.,-0.,-1.));
#5646 = ADVANCED_FACE('',(#5647),#5681,.T.);
#5647 = FACE_BOUND('',#5648,.T.);
#5648 = EDGE_LOOP('',(#5649,#5657,#5658,#5659,#5667,#5675));
#5649 = ORIENTED_EDGE('',*,*,#5650,.F.);
#5650 = EDGE_CURVE('',#4924,#5651,#5653,.T.);
#5651 = VERTEX_POINT('',#5652);
#5652 = CARTESIAN_POINT('',(27.,2.7,9.5));
#5653 = LINE('',#5654,#5655);
#5654 = CARTESIAN_POINT('',(20.8,2.7,9.5));
#5655 = VECTOR('',#5656,1.);
#5656 = DIRECTION('',(1.,0.,0.));
#5657 = ORIENTED_EDGE('',*,*,#4931,.T.);
#5658 = ORIENTED_EDGE('',*,*,#5628,.T.);
#5659 = ORIENTED_EDGE('',*,*,#5660,.T.);
#5660 = EDGE_CURVE('',#5629,#5661,#5663,.T.);
#5661 = VERTEX_POINT('',#5662);
#5662 = CARTESIAN_POINT('',(26.5,2.,9.5));
#5663 = LINE('',#5664,#5665);
#5664 = CARTESIAN_POINT('',(20.9,2.,9.5));
#5665 = VECTOR('',#5666,1.);
#5666 = DIRECTION('',(1.,0.,0.));
#5667 = ORIENTED_EDGE('',*,*,#5668,.F.);
#5668 = EDGE_CURVE('',#5669,#5661,#5671,.T.);
#5669 = VERTEX_POINT('',#5670);
#5670 = CARTESIAN_POINT('',(27.,2.5,9.5));
#5671 = LINE('',#5672,#5673);
#5672 = CARTESIAN_POINT('',(25.175,0.675,9.5));
#5673 = VECTOR('',#5674,1.);
#5674 = DIRECTION('',(-0.707106781187,-0.707106781187,0.));
#5675 = ORIENTED_EDGE('',*,*,#5676,.F.);
#5676 = EDGE_CURVE('',#5651,#5669,#5677,.T.);
#5677 = LINE('',#5678,#5679);
#5678 = CARTESIAN_POINT('',(27.,1.95,9.5));
#5679 = VECTOR('',#5680,1.);
#5680 = DIRECTION('',(0.,-1.,0.));
#5681 = PLANE('',#5682);
#5682 = AXIS2_PLACEMENT_3D('',#5683,#5684,#5685);
#5683 = CARTESIAN_POINT('',(20.8,1.9,9.5));
#5684 = DIRECTION('',(0.,0.,1.));
#5685 = DIRECTION('',(1.,0.,0.));
#5686 = ADVANCED_FACE('',(#5687),#5705,.F.);
#5687 = FACE_BOUND('',#5688,.F.);
#5688 = EDGE_LOOP('',(#5689,#5690,#5691,#5699));
#5689 = ORIENTED_EDGE('',*,*,#5650,.F.);
#5690 = ORIENTED_EDGE('',*,*,#4923,.T.);
#5691 = ORIENTED_EDGE('',*,*,#5692,.T.);
#5692 = EDGE_CURVE('',#4916,#5693,#5695,.T.);
#5693 = VERTEX_POINT('',#5694);
#5694 = CARTESIAN_POINT('',(27.,2.7,9.8));
#5695 = LINE('',#5696,#5697);
#5696 = CARTESIAN_POINT('',(20.8,2.7,9.8));
#5697 = VECTOR('',#5698,1.);
#5698 = DIRECTION('',(1.,0.,0.));
#5699 = ORIENTED_EDGE('',*,*,#5700,.F.);
#5700 = EDGE_CURVE('',#5651,#5693,#5701,.T.);
#5701 = LINE('',#5702,#5703);
#5702 = CARTESIAN_POINT('',(27.,2.7,6.05));
#5703 = VECTOR('',#5704,1.);
#5704 = DIRECTION('',(0.,0.,1.));
#5705 = PLANE('',#5706);
#5706 = AXIS2_PLACEMENT_3D('',#5707,#5708,#5709);
#5707 = CARTESIAN_POINT('',(20.8,2.7,9.5));
#5708 = DIRECTION('',(0.,1.,0.));
#5709 = DIRECTION('',(0.,0.,1.));
#5710 = ADVANCED_FACE('',(#5711),#5745,.F.);
#5711 = FACE_BOUND('',#5712,.F.);
#5712 = EDGE_LOOP('',(#5713,#5714,#5715,#5723,#5731,#5739));
#5713 = ORIENTED_EDGE('',*,*,#5692,.F.);
#5714 = ORIENTED_EDGE('',*,*,#4915,.T.);
#5715 = ORIENTED_EDGE('',*,*,#5716,.T.);
#5716 = EDGE_CURVE('',#4908,#5717,#5719,.T.);
#5717 = VERTEX_POINT('',#5718);
#5718 = CARTESIAN_POINT('',(21.5,2.,9.8));
#5719 = LINE('',#5720,#5721);
#5720 = CARTESIAN_POINT('',(21.225,2.275,9.8));
#5721 = VECTOR('',#5722,1.);
#5722 = DIRECTION('',(0.707106781187,-0.707106781187,0.));
#5723 = ORIENTED_EDGE('',*,*,#5724,.T.);
#5724 = EDGE_CURVE('',#5717,#5725,#5727,.T.);
#5725 = VERTEX_POINT('',#5726);
#5726 = CARTESIAN_POINT('',(26.5,2.,9.8));
#5727 = LINE('',#5728,#5729);
#5728 = CARTESIAN_POINT('',(20.9,2.,9.8));
#5729 = VECTOR('',#5730,1.);
#5730 = DIRECTION('',(1.,0.,0.));
#5731 = ORIENTED_EDGE('',*,*,#5732,.F.);
#5732 = EDGE_CURVE('',#5733,#5725,#5735,.T.);
#5733 = VERTEX_POINT('',#5734);
#5734 = CARTESIAN_POINT('',(27.,2.5,9.8));
#5735 = LINE('',#5736,#5737);
#5736 = CARTESIAN_POINT('',(25.175,0.675,9.8));
#5737 = VECTOR('',#5738,1.);
#5738 = DIRECTION('',(-0.707106781187,-0.707106781187,0.));
#5739 = ORIENTED_EDGE('',*,*,#5740,.F.);
#5740 = EDGE_CURVE('',#5693,#5733,#5741,.T.);
#5741 = LINE('',#5742,#5743);
#5742 = CARTESIAN_POINT('',(27.,1.95,9.8));
#5743 = VECTOR('',#5744,1.);
#5744 = DIRECTION('',(0.,-1.,0.));
#5745 = PLANE('',#5746);
#5746 = AXIS2_PLACEMENT_3D('',#5747,#5748,#5749);
#5747 = CARTESIAN_POINT('',(20.8,1.9,9.8));
#5748 = DIRECTION('',(0.,0.,1.));
#5749 = DIRECTION('',(1.,0.,0.));
#5750 = ADVANCED_FACE('',(#5751),#5769,.T.);
#5751 = FACE_BOUND('',#5752,.F.);
#5752 = EDGE_LOOP('',(#5753,#5754,#5755,#5763));
#5753 = ORIENTED_EDGE('',*,*,#5716,.F.);
#5754 = ORIENTED_EDGE('',*,*,#4907,.T.);
#5755 = ORIENTED_EDGE('',*,*,#5756,.T.);
#5756 = EDGE_CURVE('',#4900,#5757,#5759,.T.);
#5757 = VERTEX_POINT('',#5758);
#5758 = CARTESIAN_POINT('',(21.5,2.,10.1));
#5759 = LINE('',#5760,#5761);
#5760 = CARTESIAN_POINT('',(21.225,2.275,10.1));
#5761 = VECTOR('',#5762,1.);
#5762 = DIRECTION('',(0.707106781187,-0.707106781187,0.));
#5763 = ORIENTED_EDGE('',*,*,#5764,.F.);
#5764 = EDGE_CURVE('',#5717,#5757,#5765,.T.);
#5765 = LINE('',#5766,#5767);
#5766 = CARTESIAN_POINT('',(21.5,2.,2.6));
#5767 = VECTOR('',#5768,1.);
#5768 = DIRECTION('',(0.,0.,1.));
#5769 = PLANE('',#5770);
#5770 = AXIS2_PLACEMENT_3D('',#5771,#5772,#5773);
#5771 = CARTESIAN_POINT('',(21.25,2.25,2.6));
#5772 = DIRECTION('',(-0.707106781187,-0.707106781187,0.));
#5773 = DIRECTION('',(-0.,-0.,-1.));
#5774 = ADVANCED_FACE('',(#5775),#5809,.T.);
#5775 = FACE_BOUND('',#5776,.T.);
#5776 = EDGE_LOOP('',(#5777,#5785,#5786,#5787,#5795,#5803));
#5777 = ORIENTED_EDGE('',*,*,#5778,.F.);
#5778 = EDGE_CURVE('',#4892,#5779,#5781,.T.);
#5779 = VERTEX_POINT('',#5780);
#5780 = CARTESIAN_POINT('',(27.,2.7,10.1));
#5781 = LINE('',#5782,#5783);
#5782 = CARTESIAN_POINT('',(20.8,2.7,10.1));
#5783 = VECTOR('',#5784,1.);
#5784 = DIRECTION('',(1.,0.,0.));
#5785 = ORIENTED_EDGE('',*,*,#4899,.T.);
#5786 = ORIENTED_EDGE('',*,*,#5756,.T.);
#5787 = ORIENTED_EDGE('',*,*,#5788,.T.);
#5788 = EDGE_CURVE('',#5757,#5789,#5791,.T.);
#5789 = VERTEX_POINT('',#5790);
#5790 = CARTESIAN_POINT('',(26.5,2.,10.1));
#5791 = LINE('',#5792,#5793);
#5792 = CARTESIAN_POINT('',(20.9,2.,10.1));
#5793 = VECTOR('',#5794,1.);
#5794 = DIRECTION('',(1.,0.,0.));
#5795 = ORIENTED_EDGE('',*,*,#5796,.F.);
#5796 = EDGE_CURVE('',#5797,#5789,#5799,.T.);
#5797 = VERTEX_POINT('',#5798);
#5798 = CARTESIAN_POINT('',(27.,2.5,10.1));
#5799 = LINE('',#5800,#5801);
#5800 = CARTESIAN_POINT('',(25.175,0.675,10.1));
#5801 = VECTOR('',#5802,1.);
#5802 = DIRECTION('',(-0.707106781187,-0.707106781187,0.));
#5803 = ORIENTED_EDGE('',*,*,#5804,.F.);
#5804 = EDGE_CURVE('',#5779,#5797,#5805,.T.);
#5805 = LINE('',#5806,#5807);
#5806 = CARTESIAN_POINT('',(27.,1.95,10.1));
#5807 = VECTOR('',#5808,1.);
#5808 = DIRECTION('',(0.,-1.,0.));
#5809 = PLANE('',#5810);
#5810 = AXIS2_PLACEMENT_3D('',#5811,#5812,#5813);
#5811 = CARTESIAN_POINT('',(20.8,1.9,10.1));
#5812 = DIRECTION('',(0.,0.,1.));
#5813 = DIRECTION('',(1.,0.,0.));
#5814 = ADVANCED_FACE('',(#5815),#5833,.F.);
#5815 = FACE_BOUND('',#5816,.F.);
#5816 = EDGE_LOOP('',(#5817,#5818,#5819,#5827));
#5817 = ORIENTED_EDGE('',*,*,#5778,.F.);
#5818 = ORIENTED_EDGE('',*,*,#4891,.T.);
#5819 = ORIENTED_EDGE('',*,*,#5820,.T.);
#5820 = EDGE_CURVE('',#4884,#5821,#5823,.T.);
#5821 = VERTEX_POINT('',#5822);
#5822 = CARTESIAN_POINT('',(27.,2.7,10.4));
#5823 = LINE('',#5824,#5825);
#5824 = CARTESIAN_POINT('',(20.8,2.7,10.4));
#5825 = VECTOR('',#5826,1.);
#5826 = DIRECTION('',(1.,0.,0.));
#5827 = ORIENTED_EDGE('',*,*,#5828,.F.);
#5828 = EDGE_CURVE('',#5779,#5821,#5829,.T.);
#5829 = LINE('',#5830,#5831);
#5830 = CARTESIAN_POINT('',(27.,2.7,6.35));
#5831 = VECTOR('',#5832,1.);
#5832 = DIRECTION('',(0.,0.,1.));
#5833 = PLANE('',#5834);
#5834 = AXIS2_PLACEMENT_3D('',#5835,#5836,#5837);
#5835 = CARTESIAN_POINT('',(20.8,2.7,10.1));
#5836 = DIRECTION('',(0.,1.,0.));
#5837 = DIRECTION('',(0.,0.,1.));
#5838 = ADVANCED_FACE('',(#5839),#5873,.F.);
#5839 = FACE_BOUND('',#5840,.F.);
#5840 = EDGE_LOOP('',(#5841,#5842,#5843,#5851,#5859,#5867));
#5841 = ORIENTED_EDGE('',*,*,#5820,.F.);
#5842 = ORIENTED_EDGE('',*,*,#4883,.T.);
#5843 = ORIENTED_EDGE('',*,*,#5844,.T.);
#5844 = EDGE_CURVE('',#4876,#5845,#5847,.T.);
#5845 = VERTEX_POINT('',#5846);
#5846 = CARTESIAN_POINT('',(21.5,2.,10.4));
#5847 = LINE('',#5848,#5849);
#5848 = CARTESIAN_POINT('',(21.225,2.275,10.4));
#5849 = VECTOR('',#5850,1.);
#5850 = DIRECTION('',(0.707106781187,-0.707106781187,0.));
#5851 = ORIENTED_EDGE('',*,*,#5852,.T.);
#5852 = EDGE_CURVE('',#5845,#5853,#5855,.T.);
#5853 = VERTEX_POINT('',#5854);
#5854 = CARTESIAN_POINT('',(26.5,2.,10.4));
#5855 = LINE('',#5856,#5857);
#5856 = CARTESIAN_POINT('',(20.9,2.,10.4));
#5857 = VECTOR('',#5858,1.);
#5858 = DIRECTION('',(1.,0.,0.));
#5859 = ORIENTED_EDGE('',*,*,#5860,.F.);
#5860 = EDGE_CURVE('',#5861,#5853,#5863,.T.);
#5861 = VERTEX_POINT('',#5862);
#5862 = CARTESIAN_POINT('',(27.,2.5,10.4));
#5863 = LINE('',#5864,#5865);
#5864 = CARTESIAN_POINT('',(25.175,0.675,10.4));
#5865 = VECTOR('',#5866,1.);
#5866 = DIRECTION('',(-0.707106781187,-0.707106781187,0.));
#5867 = ORIENTED_EDGE('',*,*,#5868,.F.);
#5868 = EDGE_CURVE('',#5821,#5861,#5869,.T.);
#5869 = LINE('',#5870,#5871);
#5870 = CARTESIAN_POINT('',(27.,1.95,10.4));
#5871 = VECTOR('',#5872,1.);
#5872 = DIRECTION('',(0.,-1.,0.));
#5873 = PLANE('',#5874);
#5874 = AXIS2_PLACEMENT_3D('',#5875,#5876,#5877);
#5875 = CARTESIAN_POINT('',(20.8,1.9,10.4));
#5876 = DIRECTION('',(0.,0.,1.));
#5877 = DIRECTION('',(1.,0.,0.));
#5878 = ADVANCED_FACE('',(#5879),#5897,.T.);
#5879 = FACE_BOUND('',#5880,.F.);
#5880 = EDGE_LOOP('',(#5881,#5882,#5883,#5891));
#5881 = ORIENTED_EDGE('',*,*,#5844,.F.);
#5882 = ORIENTED_EDGE('',*,*,#4875,.T.);
#5883 = ORIENTED_EDGE('',*,*,#5884,.T.);
#5884 = EDGE_CURVE('',#4868,#5885,#5887,.T.);
#5885 = VERTEX_POINT('',#5886);
#5886 = CARTESIAN_POINT('',(21.5,2.,10.7));
#5887 = LINE('',#5888,#5889);
#5888 = CARTESIAN_POINT('',(21.225,2.275,10.7));
#5889 = VECTOR('',#5890,1.);
#5890 = DIRECTION('',(0.707106781187,-0.707106781187,0.));
#5891 = ORIENTED_EDGE('',*,*,#5892,.F.);
#5892 = EDGE_CURVE('',#5845,#5885,#5893,.T.);
#5893 = LINE('',#5894,#5895);
#5894 = CARTESIAN_POINT('',(21.5,2.,2.6));
#5895 = VECTOR('',#5896,1.);
#5896 = DIRECTION('',(0.,0.,1.));
#5897 = PLANE('',#5898);
#5898 = AXIS2_PLACEMENT_3D('',#5899,#5900,#5901);
#5899 = CARTESIAN_POINT('',(21.25,2.25,2.6));
#5900 = DIRECTION('',(-0.707106781187,-0.707106781187,0.));
#5901 = DIRECTION('',(-0.,-0.,-1.));
#5902 = ADVANCED_FACE('',(#5903),#5937,.T.);
#5903 = FACE_BOUND('',#5904,.T.);
#5904 = EDGE_LOOP('',(#5905,#5913,#5914,#5915,#5923,#5931));
#5905 = ORIENTED_EDGE('',*,*,#5906,.F.);
#5906 = EDGE_CURVE('',#4860,#5907,#5909,.T.);
#5907 = VERTEX_POINT('',#5908);
#5908 = CARTESIAN_POINT('',(27.,2.7,10.7));
#5909 = LINE('',#5910,#5911);
#5910 = CARTESIAN_POINT('',(20.8,2.7,10.7));
#5911 = VECTOR('',#5912,1.);
#5912 = DIRECTION('',(1.,0.,0.));
#5913 = ORIENTED_EDGE('',*,*,#4867,.T.);
#5914 = ORIENTED_EDGE('',*,*,#5884,.T.);
#5915 = ORIENTED_EDGE('',*,*,#5916,.T.);
#5916 = EDGE_CURVE('',#5885,#5917,#5919,.T.);
#5917 = VERTEX_POINT('',#5918);
#5918 = CARTESIAN_POINT('',(26.5,2.,10.7));
#5919 = LINE('',#5920,#5921);
#5920 = CARTESIAN_POINT('',(20.9,2.,10.7));
#5921 = VECTOR('',#5922,1.);
#5922 = DIRECTION('',(1.,0.,0.));
#5923 = ORIENTED_EDGE('',*,*,#5924,.F.);
#5924 = EDGE_CURVE('',#5925,#5917,#5927,.T.);
#5925 = VERTEX_POINT('',#5926);
#5926 = CARTESIAN_POINT('',(27.,2.5,10.7));
#5927 = LINE('',#5928,#5929);
#5928 = CARTESIAN_POINT('',(25.175,0.675,10.7));
#5929 = VECTOR('',#5930,1.);
#5930 = DIRECTION('',(-0.707106781187,-0.707106781187,0.));
#5931 = ORIENTED_EDGE('',*,*,#5932,.F.);
#5932 = EDGE_CURVE('',#5907,#5925,#5933,.T.);
#5933 = LINE('',#5934,#5935);
#5934 = CARTESIAN_POINT('',(27.,1.95,10.7));
#5935 = VECTOR('',#5936,1.);
#5936 = DIRECTION('',(0.,-1.,0.));
#5937 = PLANE('',#5938);
#5938 = AXIS2_PLACEMENT_3D('',#5939,#5940,#5941);
#5939 = CARTESIAN_POINT('',(20.8,1.9,10.7));
#5940 = DIRECTION('',(0.,0.,1.));
#5941 = DIRECTION('',(1.,0.,0.));
#5942 = ADVANCED_FACE('',(#5943),#5961,.F.);
#5943 = FACE_BOUND('',#5944,.F.);
#5944 = EDGE_LOOP('',(#5945,#5946,#5947,#5955));
#5945 = ORIENTED_EDGE('',*,*,#5906,.F.);
#5946 = ORIENTED_EDGE('',*,*,#4859,.T.);
#5947 = ORIENTED_EDGE('',*,*,#5948,.T.);
#5948 = EDGE_CURVE('',#4852,#5949,#5951,.T.);
#5949 = VERTEX_POINT('',#5950);
#5950 = CARTESIAN_POINT('',(27.,2.7,11.));
#5951 = LINE('',#5952,#5953);
#5952 = CARTESIAN_POINT('',(20.8,2.7,11.));
#5953 = VECTOR('',#5954,1.);
#5954 = DIRECTION('',(1.,0.,0.));
#5955 = ORIENTED_EDGE('',*,*,#5956,.F.);
#5956 = EDGE_CURVE('',#5907,#5949,#5957,.T.);
#5957 = LINE('',#5958,#5959);
#5958 = CARTESIAN_POINT('',(27.,2.7,6.65));
#5959 = VECTOR('',#5960,1.);
#5960 = DIRECTION('',(0.,0.,1.));
#5961 = PLANE('',#5962);
#5962 = AXIS2_PLACEMENT_3D('',#5963,#5964,#5965);
#5963 = CARTESIAN_POINT('',(20.8,2.7,10.7));
#5964 = DIRECTION('',(0.,1.,0.));
#5965 = DIRECTION('',(0.,0.,1.));
#5966 = ADVANCED_FACE('',(#5967),#6001,.F.);
#5967 = FACE_BOUND('',#5968,.F.);
#5968 = EDGE_LOOP('',(#5969,#5970,#5971,#5979,#5987,#5995));
#5969 = ORIENTED_EDGE('',*,*,#5948,.F.);
#5970 = ORIENTED_EDGE('',*,*,#4851,.T.);
#5971 = ORIENTED_EDGE('',*,*,#5972,.T.);
#5972 = EDGE_CURVE('',#4844,#5973,#5975,.T.);
#5973 = VERTEX_POINT('',#5974);
#5974 = CARTESIAN_POINT('',(21.5,2.,11.));
#5975 = LINE('',#5976,#5977);
#5976 = CARTESIAN_POINT('',(21.225,2.275,11.));
#5977 = VECTOR('',#5978,1.);
#5978 = DIRECTION('',(0.707106781187,-0.707106781187,0.));
#5979 = ORIENTED_EDGE('',*,*,#5980,.T.);
#5980 = EDGE_CURVE('',#5973,#5981,#5983,.T.);
#5981 = VERTEX_POINT('',#5982);
#5982 = CARTESIAN_POINT('',(26.5,2.,11.));
#5983 = LINE('',#5984,#5985);
#5984 = CARTESIAN_POINT('',(20.9,2.,11.));
#5985 = VECTOR('',#5986,1.);
#5986 = DIRECTION('',(1.,0.,0.));
#5987 = ORIENTED_EDGE('',*,*,#5988,.F.);
#5988 = EDGE_CURVE('',#5989,#5981,#5991,.T.);
#5989 = VERTEX_POINT('',#5990);
#5990 = CARTESIAN_POINT('',(27.,2.5,11.));
#5991 = LINE('',#5992,#5993);
#5992 = CARTESIAN_POINT('',(25.175,0.675,11.));
#5993 = VECTOR('',#5994,1.);
#5994 = DIRECTION('',(-0.707106781187,-0.707106781187,0.));
#5995 = ORIENTED_EDGE('',*,*,#5996,.F.);
#5996 = EDGE_CURVE('',#5949,#5989,#5997,.T.);
#5997 = LINE('',#5998,#5999);
#5998 = CARTESIAN_POINT('',(27.,1.95,11.));
#5999 = VECTOR('',#6000,1.);
#6000 = DIRECTION('',(0.,-1.,0.));
#6001 = PLANE('',#6002);
#6002 = AXIS2_PLACEMENT_3D('',#6003,#6004,#6005);
#6003 = CARTESIAN_POINT('',(20.8,1.9,11.));
#6004 = DIRECTION('',(0.,0.,1.));
#6005 = DIRECTION('',(1.,0.,0.));
#6006 = ADVANCED_FACE('',(#6007),#6018,.T.);
#6007 = FACE_BOUND('',#6008,.F.);
#6008 = EDGE_LOOP('',(#6009,#6010,#6011,#6012));
#6009 = ORIENTED_EDGE('',*,*,#5972,.F.);
#6010 = ORIENTED_EDGE('',*,*,#4843,.T.);
#6011 = ORIENTED_EDGE('',*,*,#5066,.T.);
#6012 = ORIENTED_EDGE('',*,*,#6013,.F.);
#6013 = EDGE_CURVE('',#5973,#5067,#6014,.T.);
#6014 = LINE('',#6015,#6016);
#6015 = CARTESIAN_POINT('',(21.5,2.,2.6));
#6016 = VECTOR('',#6017,1.);
#6017 = DIRECTION('',(0.,0.,1.));
#6018 = PLANE('',#6019);
#6019 = AXIS2_PLACEMENT_3D('',#6020,#6021,#6022);
#6020 = CARTESIAN_POINT('',(21.25,2.25,2.6));
#6021 = DIRECTION('',(-0.707106781187,-0.707106781187,0.));
#6022 = DIRECTION('',(-0.,-0.,-1.));
#6023 = ADVANCED_FACE('',(#6024),#6035,.F.);
#6024 = FACE_BOUND('',#6025,.F.);
#6025 = EDGE_LOOP('',(#6026,#6027,#6028,#6029));
#6026 = ORIENTED_EDGE('',*,*,#5980,.F.);
#6027 = ORIENTED_EDGE('',*,*,#6013,.T.);
#6028 = ORIENTED_EDGE('',*,*,#5074,.T.);
#6029 = ORIENTED_EDGE('',*,*,#6030,.F.);
#6030 = EDGE_CURVE('',#5981,#5075,#6031,.T.);
#6031 = LINE('',#6032,#6033);
#6032 = CARTESIAN_POINT('',(26.5,2.,2.6));
#6033 = VECTOR('',#6034,1.);
#6034 = DIRECTION('',(0.,0.,1.));
#6035 = PLANE('',#6036);
#6036 = AXIS2_PLACEMENT_3D('',#6037,#6038,#6039);
#6037 = CARTESIAN_POINT('',(21.,2.,2.6));
#6038 = DIRECTION('',(0.,1.,0.));
#6039 = DIRECTION('',(0.,0.,1.));
#6040 = ADVANCED_FACE('',(#6041),#6052,.T.);
#6041 = FACE_BOUND('',#6042,.T.);
#6042 = EDGE_LOOP('',(#6043,#6044,#6045,#6046));
#6043 = ORIENTED_EDGE('',*,*,#5177,.F.);
#6044 = ORIENTED_EDGE('',*,*,#5138,.T.);
#6045 = ORIENTED_EDGE('',*,*,#5106,.T.);
#6046 = ORIENTED_EDGE('',*,*,#6047,.F.);
#6047 = EDGE_CURVE('',#5170,#5099,#6048,.T.);
#6048 = LINE('',#6049,#6050);
#6049 = CARTESIAN_POINT('',(26.5,5.,2.6));
#6050 = VECTOR('',#6051,1.);
#6051 = DIRECTION('',(0.,0.,1.));
#6052 = PLANE('',#6053);
#6053 = AXIS2_PLACEMENT_3D('',#6054,#6055,#6056);
#6054 = CARTESIAN_POINT('',(21.,5.,2.6));
#6055 = DIRECTION('',(0.,1.,0.));
#6056 = DIRECTION('',(0.,0.,1.));
#6057 = ADVANCED_FACE('',(#6058),#6069,.F.);
#6058 = FACE_BOUND('',#6059,.T.);
#6059 = EDGE_LOOP('',(#6060,#6061,#6067,#6068));
#6060 = ORIENTED_EDGE('',*,*,#5988,.F.);
#6061 = ORIENTED_EDGE('',*,*,#6062,.T.);
#6062 = EDGE_CURVE('',#5989,#5083,#6063,.T.);
#6063 = LINE('',#6064,#6065);
#6064 = CARTESIAN_POINT('',(27.,2.5,2.6));
#6065 = VECTOR('',#6066,1.);
#6066 = DIRECTION('',(0.,0.,1.));
#6067 = ORIENTED_EDGE('',*,*,#5082,.T.);
#6068 = ORIENTED_EDGE('',*,*,#6030,.F.);
#6069 = PLANE('',#6070);
#6070 = AXIS2_PLACEMENT_3D('',#6071,#6072,#6073);
#6071 = CARTESIAN_POINT('',(26.75,2.25,2.6));
#6072 = DIRECTION('',(-0.707106781187,0.707106781187,0.));
#6073 = DIRECTION('',(-0.,-0.,-1.));
#6074 = ADVANCED_FACE('',(#6075),#6086,.T.);
#6075 = FACE_BOUND('',#6076,.F.);
#6076 = EDGE_LOOP('',(#6077,#6078,#6084,#6085));
#6077 = ORIENTED_EDGE('',*,*,#5169,.F.);
#6078 = ORIENTED_EDGE('',*,*,#6079,.T.);
#6079 = EDGE_CURVE('',#5162,#5091,#6080,.T.);
#6080 = LINE('',#6081,#6082);
#6081 = CARTESIAN_POINT('',(27.,4.5,2.6));
#6082 = VECTOR('',#6083,1.);
#6083 = DIRECTION('',(0.,0.,1.));
#6084 = ORIENTED_EDGE('',*,*,#5098,.T.);
#6085 = ORIENTED_EDGE('',*,*,#6047,.F.);
#6086 = PLANE('',#6087);
#6087 = AXIS2_PLACEMENT_3D('',#6088,#6089,#6090);
#6088 = CARTESIAN_POINT('',(26.75,4.75,2.6));
#6089 = DIRECTION('',(0.707106781187,0.707106781187,0.));
#6090 = DIRECTION('',(0.,0.,-1.));
#6091 = ADVANCED_FACE('',(#6092),#6152,.T.);
#6092 = FACE_BOUND('',#6093,.T.);
#6093 = EDGE_LOOP('',(#6094,#6095,#6096,#6097,#6098,#6099,#6105,#6106,
    #6107,#6108,#6114,#6115,#6116,#6117,#6123,#6124,#6130,#6131,#6132,
    #6133,#6139,#6140,#6141,#6142,#6148,#6149,#6150,#6151));
#6094 = ORIENTED_EDGE('',*,*,#5090,.F.);
#6095 = ORIENTED_EDGE('',*,*,#6062,.F.);
#6096 = ORIENTED_EDGE('',*,*,#5996,.F.);
#6097 = ORIENTED_EDGE('',*,*,#5956,.F.);
#6098 = ORIENTED_EDGE('',*,*,#5932,.T.);
#6099 = ORIENTED_EDGE('',*,*,#6100,.F.);
#6100 = EDGE_CURVE('',#5861,#5925,#6101,.T.);
#6101 = LINE('',#6102,#6103);
#6102 = CARTESIAN_POINT('',(27.,2.5,2.6));
#6103 = VECTOR('',#6104,1.);
#6104 = DIRECTION('',(0.,0.,1.));
#6105 = ORIENTED_EDGE('',*,*,#5868,.F.);
#6106 = ORIENTED_EDGE('',*,*,#5828,.F.);
#6107 = ORIENTED_EDGE('',*,*,#5804,.T.);
#6108 = ORIENTED_EDGE('',*,*,#6109,.F.);
#6109 = EDGE_CURVE('',#5733,#5797,#6110,.T.);
#6110 = LINE('',#6111,#6112);
#6111 = CARTESIAN_POINT('',(27.,2.5,2.6));
#6112 = VECTOR('',#6113,1.);
#6113 = DIRECTION('',(0.,0.,1.));
#6114 = ORIENTED_EDGE('',*,*,#5740,.F.);
#6115 = ORIENTED_EDGE('',*,*,#5700,.F.);
#6116 = ORIENTED_EDGE('',*,*,#5676,.T.);
#6117 = ORIENTED_EDGE('',*,*,#6118,.F.);
#6118 = EDGE_CURVE('',#5554,#5669,#6119,.T.);
#6119 = LINE('',#6120,#6121);
#6120 = CARTESIAN_POINT('',(27.,2.5,2.6));
#6121 = VECTOR('',#6122,1.);
#6122 = DIRECTION('',(0.,0.,1.));
#6123 = ORIENTED_EDGE('',*,*,#5561,.T.);
#6124 = ORIENTED_EDGE('',*,*,#6125,.T.);
#6125 = EDGE_CURVE('',#5562,#5475,#6126,.T.);
#6126 = LINE('',#6127,#6128);
#6127 = CARTESIAN_POINT('',(27.,4.5,2.6));
#6128 = VECTOR('',#6129,1.);
#6129 = DIRECTION('',(0.,0.,1.));
#6130 = ORIENTED_EDGE('',*,*,#5474,.T.);
#6131 = ORIENTED_EDGE('',*,*,#5458,.T.);
#6132 = ORIENTED_EDGE('',*,*,#5417,.F.);
#6133 = ORIENTED_EDGE('',*,*,#6134,.T.);
#6134 = EDGE_CURVE('',#5418,#5347,#6135,.T.);
#6135 = LINE('',#6136,#6137);
#6136 = CARTESIAN_POINT('',(27.,4.5,2.6));
#6137 = VECTOR('',#6138,1.);
#6138 = DIRECTION('',(0.,0.,1.));
#6139 = ORIENTED_EDGE('',*,*,#5346,.T.);
#6140 = ORIENTED_EDGE('',*,*,#5330,.T.);
#6141 = ORIENTED_EDGE('',*,*,#5289,.F.);
#6142 = ORIENTED_EDGE('',*,*,#6143,.T.);
#6143 = EDGE_CURVE('',#5290,#5219,#6144,.T.);
#6144 = LINE('',#6145,#6146);
#6145 = CARTESIAN_POINT('',(27.,4.5,2.6));
#6146 = VECTOR('',#6147,1.);
#6147 = DIRECTION('',(0.,0.,1.));
#6148 = ORIENTED_EDGE('',*,*,#5218,.T.);
#6149 = ORIENTED_EDGE('',*,*,#5202,.T.);
#6150 = ORIENTED_EDGE('',*,*,#5161,.F.);
#6151 = ORIENTED_EDGE('',*,*,#6079,.T.);
#6152 = PLANE('',#6153);
#6153 = AXIS2_PLACEMENT_3D('',#6154,#6155,#6156);
#6154 = CARTESIAN_POINT('',(27.,2.,2.6));
#6155 = DIRECTION('',(1.,0.,0.));
#6156 = DIRECTION('',(0.,0.,1.));
#6157 = ADVANCED_FACE('',(#6158),#6169,.T.);
#6158 = FACE_BOUND('',#6159,.T.);
#6159 = EDGE_LOOP('',(#6160,#6161,#6162,#6163));
#6160 = ORIENTED_EDGE('',*,*,#5305,.F.);
#6161 = ORIENTED_EDGE('',*,*,#5266,.T.);
#6162 = ORIENTED_EDGE('',*,*,#5234,.T.);
#6163 = ORIENTED_EDGE('',*,*,#6164,.F.);
#6164 = EDGE_CURVE('',#5298,#5227,#6165,.T.);
#6165 = LINE('',#6166,#6167);
#6166 = CARTESIAN_POINT('',(26.5,5.,2.6));
#6167 = VECTOR('',#6168,1.);
#6168 = DIRECTION('',(0.,0.,1.));
#6169 = PLANE('',#6170);
#6170 = AXIS2_PLACEMENT_3D('',#6171,#6172,#6173);
#6171 = CARTESIAN_POINT('',(21.,5.,2.6));
#6172 = DIRECTION('',(0.,1.,0.));
#6173 = DIRECTION('',(0.,0.,1.));
#6174 = ADVANCED_FACE('',(#6175),#6181,.T.);
#6175 = FACE_BOUND('',#6176,.F.);
#6176 = EDGE_LOOP('',(#6177,#6178,#6179,#6180));
#6177 = ORIENTED_EDGE('',*,*,#5297,.F.);
#6178 = ORIENTED_EDGE('',*,*,#6143,.T.);
#6179 = ORIENTED_EDGE('',*,*,#5226,.T.);
#6180 = ORIENTED_EDGE('',*,*,#6164,.F.);
#6181 = PLANE('',#6182);
#6182 = AXIS2_PLACEMENT_3D('',#6183,#6184,#6185);
#6183 = CARTESIAN_POINT('',(26.75,4.75,2.6));
#6184 = DIRECTION('',(0.707106781187,0.707106781187,0.));
#6185 = DIRECTION('',(0.,0.,-1.));
#6186 = ADVANCED_FACE('',(#6187),#6198,.T.);
#6187 = FACE_BOUND('',#6188,.T.);
#6188 = EDGE_LOOP('',(#6189,#6190,#6191,#6192));
#6189 = ORIENTED_EDGE('',*,*,#5433,.F.);
#6190 = ORIENTED_EDGE('',*,*,#5394,.T.);
#6191 = ORIENTED_EDGE('',*,*,#5362,.T.);
#6192 = ORIENTED_EDGE('',*,*,#6193,.F.);
#6193 = EDGE_CURVE('',#5426,#5355,#6194,.T.);
#6194 = LINE('',#6195,#6196);
#6195 = CARTESIAN_POINT('',(26.5,5.,2.6));
#6196 = VECTOR('',#6197,1.);
#6197 = DIRECTION('',(0.,0.,1.));
#6198 = PLANE('',#6199);
#6199 = AXIS2_PLACEMENT_3D('',#6200,#6201,#6202);
#6200 = CARTESIAN_POINT('',(21.,5.,2.6));
#6201 = DIRECTION('',(0.,1.,0.));
#6202 = DIRECTION('',(0.,0.,1.));
#6203 = ADVANCED_FACE('',(#6204),#6210,.T.);
#6204 = FACE_BOUND('',#6205,.F.);
#6205 = EDGE_LOOP('',(#6206,#6207,#6208,#6209));
#6206 = ORIENTED_EDGE('',*,*,#5425,.F.);
#6207 = ORIENTED_EDGE('',*,*,#6134,.T.);
#6208 = ORIENTED_EDGE('',*,*,#5354,.T.);
#6209 = ORIENTED_EDGE('',*,*,#6193,.F.);
#6210 = PLANE('',#6211);
#6211 = AXIS2_PLACEMENT_3D('',#6212,#6213,#6214);
#6212 = CARTESIAN_POINT('',(26.75,4.75,2.6));
#6213 = DIRECTION('',(0.707106781187,0.707106781187,0.));
#6214 = DIRECTION('',(0.,0.,-1.));
#6215 = ADVANCED_FACE('',(#6216),#6227,.T.);
#6216 = FACE_BOUND('',#6217,.T.);
#6217 = EDGE_LOOP('',(#6218,#6219,#6220,#6221));
#6218 = ORIENTED_EDGE('',*,*,#5577,.F.);
#6219 = ORIENTED_EDGE('',*,*,#5522,.T.);
#6220 = ORIENTED_EDGE('',*,*,#5490,.T.);
#6221 = ORIENTED_EDGE('',*,*,#6222,.F.);
#6222 = EDGE_CURVE('',#5570,#5483,#6223,.T.);
#6223 = LINE('',#6224,#6225);
#6224 = CARTESIAN_POINT('',(26.5,5.,2.6));
#6225 = VECTOR('',#6226,1.);
#6226 = DIRECTION('',(0.,0.,1.));
#6227 = PLANE('',#6228);
#6228 = AXIS2_PLACEMENT_3D('',#6229,#6230,#6231);
#6229 = CARTESIAN_POINT('',(21.,5.,2.6));
#6230 = DIRECTION('',(0.,1.,0.));
#6231 = DIRECTION('',(0.,0.,1.));
#6232 = ADVANCED_FACE('',(#6233),#6239,.T.);
#6233 = FACE_BOUND('',#6234,.F.);
#6234 = EDGE_LOOP('',(#6235,#6236,#6237,#6238));
#6235 = ORIENTED_EDGE('',*,*,#5569,.F.);
#6236 = ORIENTED_EDGE('',*,*,#6125,.T.);
#6237 = ORIENTED_EDGE('',*,*,#5482,.T.);
#6238 = ORIENTED_EDGE('',*,*,#6222,.F.);
#6239 = PLANE('',#6240);
#6240 = AXIS2_PLACEMENT_3D('',#6241,#6242,#6243);
#6241 = CARTESIAN_POINT('',(26.75,4.75,2.6));
#6242 = DIRECTION('',(0.707106781187,0.707106781187,0.));
#6243 = DIRECTION('',(0.,0.,-1.));
#6244 = ADVANCED_FACE('',(#6245),#6256,.F.);
#6245 = FACE_BOUND('',#6246,.F.);
#6246 = EDGE_LOOP('',(#6247,#6248,#6249,#6250));
#6247 = ORIENTED_EDGE('',*,*,#5545,.F.);
#6248 = ORIENTED_EDGE('',*,*,#5636,.T.);
#6249 = ORIENTED_EDGE('',*,*,#5660,.T.);
#6250 = ORIENTED_EDGE('',*,*,#6251,.F.);
#6251 = EDGE_CURVE('',#5546,#5661,#6252,.T.);
#6252 = LINE('',#6253,#6254);
#6253 = CARTESIAN_POINT('',(26.5,2.,2.6));
#6254 = VECTOR('',#6255,1.);
#6255 = DIRECTION('',(0.,0.,1.));
#6256 = PLANE('',#6257);
#6257 = AXIS2_PLACEMENT_3D('',#6258,#6259,#6260);
#6258 = CARTESIAN_POINT('',(21.,2.,2.6));
#6259 = DIRECTION('',(0.,1.,0.));
#6260 = DIRECTION('',(0.,0.,1.));
#6261 = ADVANCED_FACE('',(#6262),#6268,.F.);
#6262 = FACE_BOUND('',#6263,.T.);
#6263 = EDGE_LOOP('',(#6264,#6265,#6266,#6267));
#6264 = ORIENTED_EDGE('',*,*,#5553,.F.);
#6265 = ORIENTED_EDGE('',*,*,#6118,.T.);
#6266 = ORIENTED_EDGE('',*,*,#5668,.T.);
#6267 = ORIENTED_EDGE('',*,*,#6251,.F.);
#6268 = PLANE('',#6269);
#6269 = AXIS2_PLACEMENT_3D('',#6270,#6271,#6272);
#6270 = CARTESIAN_POINT('',(26.75,2.25,2.6));
#6271 = DIRECTION('',(-0.707106781187,0.707106781187,0.));
#6272 = DIRECTION('',(-0.,-0.,-1.));
#6273 = ADVANCED_FACE('',(#6274),#6299,.T.);
#6274 = FACE_BOUND('',#6275,.T.);
#6275 = EDGE_LOOP('',(#6276,#6284,#6285,#6293));
#6276 = ORIENTED_EDGE('',*,*,#6277,.F.);
#6277 = EDGE_CURVE('',#5587,#6278,#6280,.T.);
#6278 = VERTEX_POINT('',#6279);
#6279 = CARTESIAN_POINT('',(25.3,2.7,5.6));
#6280 = LINE('',#6281,#6282);
#6281 = CARTESIAN_POINT('',(25.3,2.7,2.5));
#6282 = VECTOR('',#6283,1.);
#6283 = DIRECTION('',(0.,0.,1.));
#6284 = ORIENTED_EDGE('',*,*,#5586,.T.);
#6285 = ORIENTED_EDGE('',*,*,#6286,.T.);
#6286 = EDGE_CURVE('',#5589,#6287,#6289,.T.);
#6287 = VERTEX_POINT('',#6288);
#6288 = CARTESIAN_POINT('',(22.7,2.7,5.6));
#6289 = LINE('',#6290,#6291);
#6290 = CARTESIAN_POINT('',(22.7,2.7,2.5));
#6291 = VECTOR('',#6292,1.);
#6292 = DIRECTION('',(0.,0.,1.));
#6293 = ORIENTED_EDGE('',*,*,#6294,.T.);
#6294 = EDGE_CURVE('',#6287,#6278,#6295,.T.);
#6295 = LINE('',#6296,#6297);
#6296 = CARTESIAN_POINT('',(22.7,2.7,5.6));
#6297 = VECTOR('',#6298,1.);
#6298 = DIRECTION('',(1.,0.,0.));
#6299 = PLANE('',#6300);
#6300 = AXIS2_PLACEMENT_3D('',#6301,#6302,#6303);
#6301 = CARTESIAN_POINT('',(22.7,2.7,2.5));
#6302 = DIRECTION('',(0.,1.,0.));
#6303 = DIRECTION('',(0.,0.,1.));
#6304 = ADVANCED_FACE('',(#6305),#6323,.F.);
#6305 = FACE_BOUND('',#6306,.F.);
#6306 = EDGE_LOOP('',(#6307,#6308,#6309,#6317));
#6307 = ORIENTED_EDGE('',*,*,#6277,.F.);
#6308 = ORIENTED_EDGE('',*,*,#5612,.T.);
#6309 = ORIENTED_EDGE('',*,*,#6310,.T.);
#6310 = EDGE_CURVE('',#5605,#6311,#6313,.T.);
#6311 = VERTEX_POINT('',#6312);
#6312 = CARTESIAN_POINT('',(25.3,4.3,5.6));
#6313 = LINE('',#6314,#6315);
#6314 = CARTESIAN_POINT('',(25.3,4.3,2.5));
#6315 = VECTOR('',#6316,1.);
#6316 = DIRECTION('',(0.,0.,1.));
#6317 = ORIENTED_EDGE('',*,*,#6318,.F.);
#6318 = EDGE_CURVE('',#6278,#6311,#6319,.T.);
#6319 = LINE('',#6320,#6321);
#6320 = CARTESIAN_POINT('',(25.3,2.7,5.6));
#6321 = VECTOR('',#6322,1.);
#6322 = DIRECTION('',(0.,1.,0.));
#6323 = PLANE('',#6324);
#6324 = AXIS2_PLACEMENT_3D('',#6325,#6326,#6327);
#6325 = CARTESIAN_POINT('',(25.3,2.7,2.5));
#6326 = DIRECTION('',(1.,0.,0.));
#6327 = DIRECTION('',(0.,0.,1.));
#6328 = ADVANCED_FACE('',(#6329),#6347,.F.);
#6329 = FACE_BOUND('',#6330,.F.);
#6330 = EDGE_LOOP('',(#6331,#6332,#6333,#6341));
#6331 = ORIENTED_EDGE('',*,*,#6310,.F.);
#6332 = ORIENTED_EDGE('',*,*,#5604,.T.);
#6333 = ORIENTED_EDGE('',*,*,#6334,.T.);
#6334 = EDGE_CURVE('',#5597,#6335,#6337,.T.);
#6335 = VERTEX_POINT('',#6336);
#6336 = CARTESIAN_POINT('',(22.7,4.3,5.6));
#6337 = LINE('',#6338,#6339);
#6338 = CARTESIAN_POINT('',(22.7,4.3,2.5));
#6339 = VECTOR('',#6340,1.);
#6340 = DIRECTION('',(0.,0.,1.));
#6341 = ORIENTED_EDGE('',*,*,#6342,.T.);
#6342 = EDGE_CURVE('',#6335,#6311,#6343,.T.);
#6343 = LINE('',#6344,#6345);
#6344 = CARTESIAN_POINT('',(22.7,4.3,5.6));
#6345 = VECTOR('',#6346,1.);
#6346 = DIRECTION('',(1.,0.,0.));
#6347 = PLANE('',#6348);
#6348 = AXIS2_PLACEMENT_3D('',#6349,#6350,#6351);
#6349 = CARTESIAN_POINT('',(22.7,4.3,2.5));
#6350 = DIRECTION('',(0.,1.,0.));
#6351 = DIRECTION('',(0.,0.,1.));
#6352 = ADVANCED_FACE('',(#6353),#6364,.T.);
#6353 = FACE_BOUND('',#6354,.T.);
#6354 = EDGE_LOOP('',(#6355,#6356,#6357,#6358));
#6355 = ORIENTED_EDGE('',*,*,#6286,.F.);
#6356 = ORIENTED_EDGE('',*,*,#5596,.T.);
#6357 = ORIENTED_EDGE('',*,*,#6334,.T.);
#6358 = ORIENTED_EDGE('',*,*,#6359,.F.);
#6359 = EDGE_CURVE('',#6287,#6335,#6360,.T.);
#6360 = LINE('',#6361,#6362);
#6361 = CARTESIAN_POINT('',(22.7,2.7,5.6));
#6362 = VECTOR('',#6363,1.);
#6363 = DIRECTION('',(0.,1.,0.));
#6364 = PLANE('',#6365);
#6365 = AXIS2_PLACEMENT_3D('',#6366,#6367,#6368);
#6366 = CARTESIAN_POINT('',(22.7,2.7,2.5));
#6367 = DIRECTION('',(1.,0.,0.));
#6368 = DIRECTION('',(0.,0.,1.));
#6369 = ADVANCED_FACE('',(#6370),#6381,.F.);
#6370 = FACE_BOUND('',#6371,.T.);
#6371 = EDGE_LOOP('',(#6372,#6373,#6374,#6375));
#6372 = ORIENTED_EDGE('',*,*,#5732,.F.);
#6373 = ORIENTED_EDGE('',*,*,#6109,.T.);
#6374 = ORIENTED_EDGE('',*,*,#5796,.T.);
#6375 = ORIENTED_EDGE('',*,*,#6376,.F.);
#6376 = EDGE_CURVE('',#5725,#5789,#6377,.T.);
#6377 = LINE('',#6378,#6379);
#6378 = CARTESIAN_POINT('',(26.5,2.,2.6));
#6379 = VECTOR('',#6380,1.);
#6380 = DIRECTION('',(0.,0.,1.));
#6381 = PLANE('',#6382);
#6382 = AXIS2_PLACEMENT_3D('',#6383,#6384,#6385);
#6383 = CARTESIAN_POINT('',(26.75,2.25,2.6));
#6384 = DIRECTION('',(-0.707106781187,0.707106781187,0.));
#6385 = DIRECTION('',(-0.,-0.,-1.));
#6386 = ADVANCED_FACE('',(#6387),#6393,.F.);
#6387 = FACE_BOUND('',#6388,.F.);
#6388 = EDGE_LOOP('',(#6389,#6390,#6391,#6392));
#6389 = ORIENTED_EDGE('',*,*,#5724,.F.);
#6390 = ORIENTED_EDGE('',*,*,#5764,.T.);
#6391 = ORIENTED_EDGE('',*,*,#5788,.T.);
#6392 = ORIENTED_EDGE('',*,*,#6376,.F.);
#6393 = PLANE('',#6394);
#6394 = AXIS2_PLACEMENT_3D('',#6395,#6396,#6397);
#6395 = CARTESIAN_POINT('',(21.,2.,2.6));
#6396 = DIRECTION('',(0.,1.,0.));
#6397 = DIRECTION('',(0.,0.,1.));
#6398 = ADVANCED_FACE('',(#6399),#6410,.F.);
#6399 = FACE_BOUND('',#6400,.T.);
#6400 = EDGE_LOOP('',(#6401,#6402,#6403,#6404));
#6401 = ORIENTED_EDGE('',*,*,#5860,.F.);
#6402 = ORIENTED_EDGE('',*,*,#6100,.T.);
#6403 = ORIENTED_EDGE('',*,*,#5924,.T.);
#6404 = ORIENTED_EDGE('',*,*,#6405,.F.);
#6405 = EDGE_CURVE('',#5853,#5917,#6406,.T.);
#6406 = LINE('',#6407,#6408);
#6407 = CARTESIAN_POINT('',(26.5,2.,2.6));
#6408 = VECTOR('',#6409,1.);
#6409 = DIRECTION('',(0.,0.,1.));
#6410 = PLANE('',#6411);
#6411 = AXIS2_PLACEMENT_3D('',#6412,#6413,#6414);
#6412 = CARTESIAN_POINT('',(26.75,2.25,2.6));
#6413 = DIRECTION('',(-0.707106781187,0.707106781187,0.));
#6414 = DIRECTION('',(-0.,-0.,-1.));
#6415 = ADVANCED_FACE('',(#6416),#6422,.F.);
#6416 = FACE_BOUND('',#6417,.F.);
#6417 = EDGE_LOOP('',(#6418,#6419,#6420,#6421));
#6418 = ORIENTED_EDGE('',*,*,#5852,.F.);
#6419 = ORIENTED_EDGE('',*,*,#5892,.T.);
#6420 = ORIENTED_EDGE('',*,*,#5916,.T.);
#6421 = ORIENTED_EDGE('',*,*,#6405,.F.);
#6422 = PLANE('',#6423);
#6423 = AXIS2_PLACEMENT_3D('',#6424,#6425,#6426);
#6424 = CARTESIAN_POINT('',(21.,2.,2.6));
#6425 = DIRECTION('',(0.,1.,0.));
#6426 = DIRECTION('',(0.,0.,1.));
#6427 = ADVANCED_FACE('',(#6428),#6434,.F.);
#6428 = FACE_BOUND('',#6429,.F.);
#6429 = EDGE_LOOP('',(#6430,#6431,#6432,#6433));
#6430 = ORIENTED_EDGE('',*,*,#6359,.F.);
#6431 = ORIENTED_EDGE('',*,*,#6294,.T.);
#6432 = ORIENTED_EDGE('',*,*,#6318,.T.);
#6433 = ORIENTED_EDGE('',*,*,#6342,.F.);
#6434 = PLANE('',#6435);
#6435 = AXIS2_PLACEMENT_3D('',#6436,#6437,#6438);
#6436 = CARTESIAN_POINT('',(22.7,2.7,5.6));
#6437 = DIRECTION('',(0.,0.,1.));
#6438 = DIRECTION('',(1.,0.,0.));
#6439 = ( GEOMETRIC_REPRESENTATION_CONTEXT(3) 
GLOBAL_UNCERTAINTY_ASSIGNED_CONTEXT((#6443)) 
GLOBAL_UNIT_ASSIGNED_CONTEXT((#6440,#6441,#6442)) REPRESENTATION_CONTEXT
('Context #1','3D Context with UNIT and UNCERTAINTY') );
#6440 = ( LENGTH_UNIT() NAMED_UNIT(*) SI_UNIT(.MILLI.,.METRE.) );
#6441 = ( NAMED_UNIT(*) PLANE_ANGLE_UNIT() SI_UNIT($,.RADIAN.) );
#6442 = ( NAMED_UNIT(*) SI_UNIT($,.STERADIAN.) SOLID_ANGLE_UNIT() );
#6443 = UNCERTAINTY_MEASURE_WITH_UNIT(LENGTH_MEASURE(1.E-07),#6440,
  'distance_accuracy_value','confusion accuracy');
#6444 = PRODUCT_RELATED_PRODUCT_CATEGORY('part',$,(#7));
ENDSEC;
END-ISO-10303-21;
